<?xml version="1.0" encoding="UTF-8" ?>
			<Theme  xmlns="http://data.instantatlas.com/atlas" id="t0" name="Spesialisthelsetjeneste">

				<Indicator id="i0" name="Antall konsultasjoner" type="numeric" precision="0"  href="">
					<Value for="1">2323.21</Value>
					<Value for="2">2725.04</Value>
					<Value for="3">2787.70</Value>
					<Value for="4">2890.58</Value>
					<Value for="5">3185.69</Value>
					<Value for="6">3251.64</Value>
					<Value for="7">3011.52</Value>
					<Value for="8">3027.89</Value>
					<Value for="9">3156.33</Value>
					<Value for="10">3189.02</Value>
					<Value for="11">2972.52</Value>
					<Value for="12">2981.85</Value>
					<Value for="13">3061.37</Value>
					<Value for="14">4018.18</Value>
					<Value for="15">2621.10</Value>
					<Value for="16">3280.96</Value>
					<Value for="17">3437.19</Value>
					<Value for="18">3102.95</Value>
					<Value for="19">3510.82</Value>
					<Value for="20">3765.94</Value>
					<ComparisonValue for="1">3128.35</ComparisonValue>
					<Limits>
						<Range for="1" upper="2347.5" lower="2298.9" />
						<Range for="2" upper="2741.0" lower="2709.1" />
						<Range for="3" upper="2805.9" lower="2769.5" />
						<Range for="4" upper="2914.0" lower="2867.2" />
						<Range for="5" upper="3204.7" lower="3166.7" />
						<Range for="6" upper="3265.9" lower="3237.4" />
						<Range for="7" upper="3025.2" lower="2997.9" />
						<Range for="8" upper="3048.1" lower="3007.6" />
						<Range for="9" upper="3168.1" lower="3144.6" />
						<Range for="10" upper="3206.6" lower="3171.4" />
						<Range for="11" upper="2986.6" lower="2958.4" />
						<Range for="12" upper="2995.0" lower="2968.6" />
						<Range for="13" upper="3073.1" lower="3049.7" />
						<Range for="14" upper="4036.9" lower="3999.5" />
						<Range for="15" upper="2630.9" lower="2611.3" />
						<Range for="16" upper="3292.0" lower="3269.9" />
						<Range for="17" upper="3452.9" lower="3421.5" />
						<Range for="18" upper="3119.8" lower="3086.1" />
						<Range for="19" upper="3525.7" lower="3495.9" />
						<Range for="20" upper="3785.8" lower="3746.0" />
						<Range for="1" upper="NaN" lower="NaN" />
					</Limits>
					<Associate name="antall" type="numeric"  >
						<Value for="1">11837</Value>
						<Value for="2">37461</Value>
						<Value for="3">30270</Value>
						<Value for="4">19579</Value>
						<Value for="5">35971</Value>
						<Value for="6">66909</Value>
						<Value for="7">62626</Value>
						<Value for="8">28720</Value>
						<Value for="9">92466</Value>
						<Value for="10">42062</Value>
						<Value for="11">56761</Value>
						<Value for="12">65499</Value>
						<Value for="13">88673</Value>
						<Value for="14">59982</Value>
						<Value for="15">92293</Value>
						<Value for="16">113184</Value>
						<Value for="17">61572</Value>
						<Value for="18">43629</Value>
						<Value for="19">71451</Value>
						<Value for="20">46490</Value>
						<ComparisonValue for="1">NaN</ComparisonValue>
					</Associate>
					<Associate name="innbyggere" type="numeric"  >
						<Value for="1">5054</Value>
						<Value for="2">13700</Value>
						<Value for="3">10815</Value>
						<Value for="4">6721</Value>
						<Value for="5">11219</Value>
						<Value for="6">20548</Value>
						<Value for="7">20861</Value>
						<Value for="8">9515</Value>
						<Value for="9">29339</Value>
						<Value for="10">13192</Value>
						<Value for="11">19056</Value>
						<Value for="12">21830</Value>
						<Value for="13">28648</Value>
						<Value for="14">15113</Value>
						<Value for="15">35111</Value>
						<Value for="16">34438</Value>
						<Value for="17">17862</Value>
						<Value for="18">14098</Value>
						<Value for="19">20283</Value>
						<Value for="20">12527</Value>
						<ComparisonValue for="1">NaN</ComparisonValue>
					</Associate>					<Property name="precision" value="0"/>

				</Indicator>
				<Indicator id="i1" name="Antall innleggelser" type="numeric" precision="0"  href="">
					<Value for="1">576.07</Value>
					<Value for="2">496.15</Value>
					<Value for="3">526.74</Value>
					<Value for="4">507.99</Value>
					<Value for="5">511.81</Value>
					<Value for="6">478.32</Value>
					<Value for="7">493.24</Value>
					<Value for="8">519.51</Value>
					<Value for="9">550.96</Value>
					<Value for="10">566.84</Value>
					<Value for="11">484.98</Value>
					<Value for="12">432.77</Value>
					<Value for="13">483.88</Value>
					<Value for="14">507.78</Value>
					<Value for="15">476.45</Value>
					<Value for="16">482.57</Value>
					<Value for="17">474.38</Value>
					<Value for="18">508.48</Value>
					<Value for="19">448.55</Value>
					<Value for="20">520.10</Value>
					<ComparisonValue for="1">495.18</ComparisonValue>
					<Limits>
						<Range for="1" upper="588.4" lower="563.8" />
						<Range for="2" upper="503.0" lower="489.3" />
						<Range for="3" upper="534.7" lower="518.8" />
						<Range for="4" upper="517.9" lower="498.1" />
						<Range for="5" upper="519.5" lower="504.2" />
						<Range for="6" upper="483.8" lower="472.9" />
						<Range for="7" upper="498.7" lower="487.8" />
						<Range for="8" upper="527.8" lower="511.2" />
						<Range for="9" upper="555.9" lower="546.1" />
						<Range for="10" upper="574.3" lower="559.4" />
						<Range for="11" upper="490.7" lower="479.3" />
						<Range for="12" upper="437.8" lower="427.7" />
						<Range for="13" upper="488.6" lower="479.1" />
						<Range for="14" upper="514.3" lower="501.2" />
						<Range for="15" upper="480.6" lower="472.3" />
						<Range for="16" upper="486.8" lower="478.3" />
						<Range for="17" upper="480.2" lower="468.5" />
						<Range for="18" upper="515.3" lower="501.7" />
						<Range for="19" upper="453.9" lower="443.2" />
						<Range for="20" upper="527.4" lower="512.8" />
						<Range for="1" upper="NaN" lower="NaN" />
					</Limits>
					<Associate name="antall" type="numeric"  >
						<Value for="1">2874</Value>
						<Value for="2">6725</Value>
						<Value for="3">5661</Value>
						<Value for="4">3406</Value>
						<Value for="5">5748</Value>
						<Value for="6">9821</Value>
						<Value for="7">10396</Value>
						<Value for="8">5004</Value>
						<Value for="9">16175</Value>
						<Value for="10">7496</Value>
						<Value for="11">9209</Value>
						<Value for="12">9355</Value>
						<Value for="13">13567</Value>
						<Value for="14">7804</Value>
						<Value for="15">16762</Value>
						<Value for="16">16626</Value>
						<Value for="17">8433</Value>
						<Value for="18">7178</Value>
						<Value for="19">9062</Value>
						<Value for="20">6627</Value>
						<ComparisonValue for="1">NaN</ComparisonValue>
					</Associate>
					<Associate name="innbyggere" type="numeric"  >
						<Value for="1">5054</Value>
						<Value for="2">13700</Value>
						<Value for="3">10815</Value>
						<Value for="4">6721</Value>
						<Value for="5">11219</Value>
						<Value for="6">20548</Value>
						<Value for="7">20861</Value>
						<Value for="8">9515</Value>
						<Value for="9">29339</Value>
						<Value for="10">13192</Value>
						<Value for="11">19056</Value>
						<Value for="12">21830</Value>
						<Value for="13">28648</Value>
						<Value for="14">15113</Value>
						<Value for="15">35111</Value>
						<Value for="16">34438</Value>
						<Value for="17">17862</Value>
						<Value for="18">14098</Value>
						<Value for="19">20283</Value>
						<Value for="20">12527</Value>
						<ComparisonValue for="1">NaN</ComparisonValue>
					</Associate>					<Property name="precision" value="0"/>

				</Indicator></Theme>
