<?xml version="1.0" encoding="UTF-8" ?>
			<Theme  xmlns="http://data.instantatlas.com/atlas" id="t4" name="Hjerte">

				<Indicator id="i6" name="Innleggelser for hjertesvikt" type="numeric" href="">
					<Value for="1">16.83</Value>
					<Value for="2">19.35</Value>
					<Value for="3">17.67</Value>
					<Value for="4">19.92</Value>
					<Value for="5">20.02</Value>
					<Value for="6">17.02</Value>
					<Value for="7">15.70</Value>
					<Value for="8">16.97</Value>
					<Value for="9">20.35</Value>
					<Value for="10">21.74</Value>
					<Value for="11">14.86</Value>
					<Value for="12">16.62</Value>
					<Value for="13">21.20</Value>
					<Value for="14">22.78</Value>
					<Value for="15">18.68</Value>
					<Value for="16">19.32</Value>
					<Value for="17">16.26</Value>
					<Value for="18">17.97</Value>
					<Value for="19">18.97</Value>
					<Value for="20">20.81</Value>
					<ComparisonValue for="1">18.72</ComparisonValue>
					<Limits>
						<Range for="1" upper="19.0" lower="14.7" />
						<Range for="2" upper="20.7" lower="18.0" />
						<Range for="3" upper="19.1" lower="16.2" />
						<Range for="4" upper="21.9" lower="18.0" />
						<Range for="5" upper="21.5" lower="18.5" />
						<Range for="6" upper="18.1" lower="16.0" />
						<Range for="7" upper="16.7" lower="14.7" />
						<Range for="8" upper="18.5" lower="15.5" />
						<Range for="9" upper="21.3" lower="19.4" />
						<Range for="10" upper="23.2" lower="20.3" />
						<Range for="11" upper="15.9" lower="13.9" />
						<Range for="12" upper="17.6" lower="15.6" />
						<Range for="13" upper="22.2" lower="20.2" />
						<Range for="14" upper="24.2" lower="21.4" />
						<Range for="15" upper="19.5" lower="17.9" />
						<Range for="16" upper="20.2" lower="18.5" />
						<Range for="17" upper="17.3" lower="15.2" />
						<Range for="18" upper="19.2" lower="16.7" />
						<Range for="19" upper="20.1" lower="17.9" />
						<Range for="20" upper="22.3" lower="19.4" />
						<Range for="1" upper="NaN" lower="NaN" />
					</Limits>
					<Associate name="antall" type="numeric"  >
						<Value for="1">82</Value>
						<Value for="2">261</Value>
						<Value for="3">190</Value>
						<Value for="4">133</Value>
						<Value for="5">225</Value>
						<Value for="6">349</Value>
						<Value for="7">339</Value>
						<Value for="8">169</Value>
						<Value for="9">601</Value>
						<Value for="10">289</Value>
						<Value for="11">282</Value>
						<Value for="12">355</Value>
						<Value for="13">582</Value>
						<Value for="14">357</Value>
						<Value for="15">657</Value>
						<Value for="16">669</Value>
						<Value for="17">288</Value>
						<Value for="18">257</Value>
						<Value for="19">382</Value>
						<Value for="20">272</Value>
						<ComparisonValue for="1">NaN</ComparisonValue>
					</Associate>
					<Associate name="innbyggere" type="numeric"  >
						<Value for="1">5054</Value>
						<Value for="2">13700</Value>
						<Value for="3">10815</Value>
						<Value for="4">6721</Value>
						<Value for="5">11219</Value>
						<Value for="6">20548</Value>
						<Value for="7">20861</Value>
						<Value for="8">9515</Value>
						<Value for="9">29339</Value>
						<Value for="10">13192</Value>
						<Value for="11">19056</Value>
						<Value for="12">21830</Value>
						<Value for="13">28648</Value>
						<Value for="14">15113</Value>
						<Value for="15">35111</Value>
						<Value for="16">34438</Value>
						<Value for="17">17862</Value>
						<Value for="18">14098</Value>
						<Value for="19">20283</Value>
						<Value for="20">12527</Value>
						<ComparisonValue for="1">NaN</ComparisonValue>
					</Associate>
				</Indicator>
				<Indicator id="i7" name="Polikliniske konsultasjoner for
hjertesvikt" type="numeric" href="">
					<Value for="1">12.38</Value>
					<Value for="2">21.61</Value>
					<Value for="3">26.39</Value>
					<Value for="4">16.73</Value>
					<Value for="5">32.81</Value>
					<Value for="6">17.12</Value>
					<Value for="7">16.96</Value>
					<Value for="8">8.68</Value>
					<Value for="9">21.56</Value>
					<Value for="10">19.06</Value>
					<Value for="11">26.37</Value>
					<Value for="12">25.79</Value>
					<Value for="13">16.39</Value>
					<Value for="14">20.18</Value>
					<Value for="15">13.42</Value>
					<Value for="16">27.19</Value>
					<Value for="17">37.53</Value>
					<Value for="18">30.52</Value>
					<Value for="19">38.89</Value>
					<Value for="20">43.11</Value>
					<ComparisonValue for="1">23.55</ComparisonValue>
					<Limits>
						<Range for="1" upper="14.2" lower="10.6" />
						<Range for="2" upper="23.0" lower="20.2" />
						<Range for="3" upper="28.2" lower="24.6" />
						<Range for="4" upper="18.5" lower="14.9" />
						<Range for="5" upper="34.7" lower="30.9" />
						<Range for="6" upper="18.1" lower="16.1" />
						<Range for="7" upper="18.0" lower="15.9" />
						<Range for="8" upper="9.8" lower="7.6" />
						<Range for="9" upper="22.5" lower="20.6" />
						<Range for="10" upper="20.4" lower="17.7" />
						<Range for="11" upper="27.7" lower="25.0" />
						<Range for="12" upper="27.0" lower="24.6" />
						<Range for="13" upper="17.2" lower="15.5" />
						<Range for="14" upper="21.5" lower="18.8" />
						<Range for="15" upper="14.1" lower="12.7" />
						<Range for="16" upper="28.2" lower="26.2" />
						<Range for="17" upper="39.2" lower="35.9" />
						<Range for="18" upper="32.2" lower="28.9" />
						<Range for="19" upper="40.5" lower="37.3" />
						<Range for="20" upper="45.3" lower="41.0" />
						<Range for="1" upper="NaN" lower="NaN" />
					</Limits>
					<Associate name="antall" type="numeric"  >
						<Value for="1">64</Value>
						<Value for="2">300</Value>
						<Value for="3">286</Value>
						<Value for="4">114</Value>
						<Value for="5">370</Value>
						<Value for="6">355</Value>
						<Value for="7">357</Value>
						<Value for="8">83</Value>
						<Value for="9">630</Value>
						<Value for="10">253</Value>
						<Value for="11">503</Value>
						<Value for="12">571</Value>
						<Value for="13">475</Value>
						<Value for="14">297</Value>
						<Value for="15">477</Value>
						<Value for="16">942</Value>
						<Value for="17">671</Value>
						<Value for="18">430</Value>
						<Value for="19">798</Value>
						<Value for="20">526</Value>
						<ComparisonValue for="1">NaN</ComparisonValue>
					</Associate>
					<Associate name="innbyggere" type="numeric"  >
						<Value for="1">5054</Value>
						<Value for="2">13700</Value>
						<Value for="3">10815</Value>
						<Value for="4">6721</Value>
						<Value for="5">11219</Value>
						<Value for="6">20548</Value>
						<Value for="7">20861</Value>
						<Value for="8">9515</Value>
						<Value for="9">29339</Value>
						<Value for="10">13192</Value>
						<Value for="11">19056</Value>
						<Value for="12">21830</Value>
						<Value for="13">28648</Value>
						<Value for="14">15113</Value>
						<Value for="15">35111</Value>
						<Value for="16">34438</Value>
						<Value for="17">17862</Value>
						<Value for="18">14098</Value>
						<Value for="19">20283</Value>
						<Value for="20">12527</Value>
						<ComparisonValue for="1">NaN</ComparisonValue>
					</Associate>
				</Indicator>
				<Indicator id="i8" name="Pacemaker, totalt" type="numeric" precision="1"  href="">
					<Value for="1">3.70</Value>
					<Value for="2">3.68</Value>
					<Value for="3">6.01</Value>
					<Value for="4">7.33</Value>
					<Value for="5">4.81</Value>
					<Value for="6">4.24</Value>
					<Value for="7">4.65</Value>
					<Value for="8">4.62</Value>
					<Value for="9">7.00</Value>
					<Value for="10">7.15</Value>
					<Value for="11">2.88</Value>
					<Value for="12">4.91</Value>
					<Value for="13">6.27</Value>
					<Value for="14">6.63</Value>
					<Value for="15">3.95</Value>
					<Value for="16">6.07</Value>
					<Value for="17">5.05</Value>
					<Value for="18">5.85</Value>
					<Value for="19">3.29</Value>
					<Value for="20">4.81</Value>
					<ComparisonValue for="1">5.15</ComparisonValue>
					<Limits>
						<Range for="1" upper="4.7" lower="2.7" />
						<Range for="2" upper="4.3" lower="3.1" />
						<Range for="3" upper="6.9" lower="5.2" />
						<Range for="4" upper="8.5" lower="6.1" />
						<Range for="5" upper="5.6" lower="4.1" />
						<Range for="6" upper="4.8" lower="3.7" />
						<Range for="7" upper="5.2" lower="4.1" />
						<Range for="8" upper="5.4" lower="3.8" />
						<Range for="9" upper="7.6" lower="6.4" />
						<Range for="10" upper="8.0" lower="6.3" />
						<Range for="11" upper="3.3" lower="2.4" />
						<Range for="12" upper="5.4" lower="4.4" />
						<Range for="13" upper="6.8" lower="5.7" />
						<Range for="14" upper="7.4" lower="5.9" />
						<Range for="15" upper="4.3" lower="3.6" />
						<Range for="16" upper="6.5" lower="5.6" />
						<Range for="17" upper="5.7" lower="4.4" />
						<Range for="18" upper="6.6" lower="5.1" />
						<Range for="19" upper="3.7" lower="2.8" />
						<Range for="20" upper="5.5" lower="4.1" />
						<Range for="1" upper="NaN" lower="NaN" />
					</Limits>
					<Associate name="antall" type="numeric"  precision="0"  >
						<Value for="1">18</Value>
						<Value for="2">49</Value>
						<Value for="3">64</Value>
						<Value for="4">49</Value>
						<Value for="5">54</Value>
						<Value for="6">87</Value>
						<Value for="7">99</Value>
						<Value for="8">44</Value>
						<Value for="9">206</Value>
						<Value for="10">95</Value>
						<Value for="11">55</Value>
						<Value for="12">106</Value>
						<Value for="13">175</Value>
						<Value for="14">101</Value>
						<Value for="15">140</Value>
						<Value for="16">210</Value>
						<Value for="17">90</Value>
						<Value for="18">83</Value>
						<Value for="19">66</Value>
						<Value for="20">61</Value>
						<ComparisonValue for="1">NaN</ComparisonValue>
					</Associate>
					<Associate name="innbyggere" type="numeric"  precision="0"  >
						<Value for="1">5054</Value>
						<Value for="2">13700</Value>
						<Value for="3">10815</Value>
						<Value for="4">6721</Value>
						<Value for="5">11219</Value>
						<Value for="6">20548</Value>
						<Value for="7">20861</Value>
						<Value for="8">9515</Value>
						<Value for="9">29339</Value>
						<Value for="10">13192</Value>
						<Value for="11">19056</Value>
						<Value for="12">21830</Value>
						<Value for="13">28648</Value>
						<Value for="14">15113</Value>
						<Value for="15">35111</Value>
						<Value for="16">34438</Value>
						<Value for="17">17862</Value>
						<Value for="18">14098</Value>
						<Value for="19">20283</Value>
						<Value for="20">12527</Value>
						<ComparisonValue for="1">NaN</ComparisonValue>
					</Associate>					<Property name="precision" value="1"/>

				</Indicator>
				<Indicator id="i9" name="Revaskulariseringsprosedyrer" type="numeric" precision="1"  href="">
					<Value for="1">13.78</Value>
					<Value for="2">10.68</Value>
					<Value for="3">9.49</Value>
					<Value for="4">10.32</Value>
					<Value for="5">7.08</Value>
					<Value for="6">8.63</Value>
					<Value for="7">6.55</Value>
					<Value for="8">7.87</Value>
					<Value for="9">9.82</Value>
					<Value for="10">10.09</Value>
					<Value for="11">9.94</Value>
					<Value for="12">9.85</Value>
					<Value for="13">9.55</Value>
					<Value for="14">7.71</Value>
					<Value for="15">9.24</Value>
					<Value for="16">9.40</Value>
					<Value for="17">8.52</Value>
					<Value for="18">12.43</Value>
					<Value for="19">12.16</Value>
					<Value for="20">6.83</Value>
					<ComparisonValue for="1">9.40</ComparisonValue>
					<Limits>
						<Range for="1" upper="15.6" lower="11.9" />
						<Range for="2" upper="11.7" lower="9.7" />
						<Range for="3" upper="10.5" lower="8.4" />
						<Range for="4" upper="11.7" lower="8.9" />
						<Range for="5" upper="8.0" lower="6.2" />
						<Range for="6" upper="9.4" lower="7.9" />
						<Range for="7" upper="7.2" lower="5.9" />
						<Range for="8" upper="8.9" lower="6.8" />
						<Range for="9" upper="10.5" lower="9.2" />
						<Range for="10" upper="11.1" lower="9.1" />
						<Range for="11" upper="10.8" lower="9.1" />
						<Range for="12" upper="10.6" lower="9.1" />
						<Range for="13" upper="10.2" lower="8.9" />
						<Range for="14" upper="8.5" lower="6.9" />
						<Range for="15" upper="9.8" lower="8.7" />
						<Range for="16" upper="10.0" lower="8.8" />
						<Range for="17" upper="9.3" lower="7.7" />
						<Range for="18" upper="13.5" lower="11.4" />
						<Range for="19" upper="13.0" lower="11.3" />
						<Range for="20" upper="7.7" lower="6.0" />
						<Range for="1" upper="NaN" lower="NaN" />
					</Limits>
					<Associate name="antall" type="numeric"  precision="0"  >
						<Value for="1">72</Value>
						<Value for="2">149</Value>
						<Value for="3">104</Value>
						<Value for="4">72</Value>
						<Value for="5">82</Value>
						<Value for="6">179</Value>
						<Value for="7">135</Value>
						<Value for="8">75</Value>
						<Value for="9">287</Value>
						<Value for="10">134</Value>
						<Value for="11">191</Value>
						<Value for="12">218</Value>
						<Value for="13">281</Value>
						<Value for="14">112</Value>
						<Value for="15">328</Value>
						<Value for="16">325</Value>
						<Value for="17">153</Value>
						<Value for="18">174</Value>
						<Value for="19">249</Value>
						<Value for="20">82</Value>
						<ComparisonValue for="1">NaN</ComparisonValue>
					</Associate>
					<Associate name="innbyggere" type="numeric"  precision="0"  >
						<Value for="1">5054</Value>
						<Value for="2">13700</Value>
						<Value for="3">10815</Value>
						<Value for="4">6721</Value>
						<Value for="5">11219</Value>
						<Value for="6">20548</Value>
						<Value for="7">20861</Value>
						<Value for="8">9515</Value>
						<Value for="9">29339</Value>
						<Value for="10">13192</Value>
						<Value for="11">19056</Value>
						<Value for="12">21830</Value>
						<Value for="13">28648</Value>
						<Value for="14">15113</Value>
						<Value for="15">35111</Value>
						<Value for="16">34438</Value>
						<Value for="17">17862</Value>
						<Value for="18">14098</Value>
						<Value for="19">20283</Value>
						<Value for="20">12527</Value>
						<ComparisonValue for="1">NaN</ComparisonValue>
					</Associate>					<Property name="precision" value="1"/>

				</Indicator>
				<Indicator id="i10" name="Andel PCI" type="numeric" href="">
					<Value for="1">0.80</Value>
					<Value for="2">0.84</Value>
					<Value for="3">0.79</Value>
					<Value for="4">0.83</Value>
					<Value for="5">0.74</Value>
					<Value for="6">0.77</Value>
					<Value for="7">0.74</Value>
					<Value for="8">0.84</Value>
					<Value for="9">0.80</Value>
					<Value for="10">0.79</Value>
					<Value for="11">0.82</Value>
					<Value for="12">0.86</Value>
					<Value for="13">0.85</Value>
					<Value for="14">0.79</Value>
					<Value for="15">0.82</Value>
					<Value for="16">0.89</Value>
					<Value for="17">0.87</Value>
					<Value for="18">0.91</Value>
					<Value for="19">0.95</Value>
					<Value for="20">0.79</Value>
					<ComparisonValue for="1">0.84</ComparisonValue>
					<Limits>
						<Range for="1" upper="NaN" lower="NaN" />
						<Range for="2" upper="NaN" lower="NaN" />
						<Range for="3" upper="NaN" lower="NaN" />
						<Range for="4" upper="NaN" lower="NaN" />
						<Range for="5" upper="NaN" lower="NaN" />
						<Range for="6" upper="NaN" lower="NaN" />
						<Range for="7" upper="NaN" lower="NaN" />
						<Range for="8" upper="NaN" lower="NaN" />
						<Range for="9" upper="NaN" lower="NaN" />
						<Range for="10" upper="NaN" lower="NaN" />
						<Range for="11" upper="NaN" lower="NaN" />
						<Range for="12" upper="NaN" lower="NaN" />
						<Range for="13" upper="NaN" lower="NaN" />
						<Range for="14" upper="NaN" lower="NaN" />
						<Range for="15" upper="NaN" lower="NaN" />
						<Range for="16" upper="NaN" lower="NaN" />
						<Range for="17" upper="NaN" lower="NaN" />
						<Range for="18" upper="NaN" lower="NaN" />
						<Range for="19" upper="NaN" lower="NaN" />
						<Range for="20" upper="NaN" lower="NaN" />
						<Range for="1" upper="NaN" lower="NaN" />
					</Limits>
					<Associate name="antall" type="numeric"  >
						<Value for="1">59</Value>
						<Value for="2">128</Value>
						<Value for="3">85</Value>
						<Value for="4">61</Value>
						<Value for="5">61</Value>
						<Value for="6">141</Value>
						<Value for="7">101</Value>
						<Value for="8">66</Value>
						<Value for="9">241</Value>
						<Value for="10">114</Value>
						<Value for="11">160</Value>
						<Value for="12">189</Value>
						<Value for="13">241</Value>
						<Value for="14">89</Value>
						<Value for="15">270</Value>
						<Value for="16">290</Value>
						<Value for="17">135</Value>
						<Value for="18">158</Value>
						<Value for="19">237</Value>
						<Value for="20">65</Value>
						<ComparisonValue for="1">NaN</ComparisonValue>
					</Associate>
					<Associate name="innbyggere" type="numeric"  >
						<Value for="1">5054</Value>
						<Value for="2">13700</Value>
						<Value for="3">10815</Value>
						<Value for="4">6721</Value>
						<Value for="5">11219</Value>
						<Value for="6">20548</Value>
						<Value for="7">20861</Value>
						<Value for="8">9515</Value>
						<Value for="9">29339</Value>
						<Value for="10">13192</Value>
						<Value for="11">19056</Value>
						<Value for="12">21830</Value>
						<Value for="13">28648</Value>
						<Value for="14">15113</Value>
						<Value for="15">35111</Value>
						<Value for="16">34438</Value>
						<Value for="17">17862</Value>
						<Value for="18">14098</Value>
						<Value for="19">20283</Value>
						<Value for="20">12527</Value>
						<ComparisonValue for="1">NaN</ComparisonValue>
					</Associate>
				</Indicator></Theme>
