<?xml version="1.0" encoding="UTF-8"?>
<?xml-stylesheet type="text/xsl" href="data-xml-2-html.xslt"?>
<AtlasData xmlns="http://data.instantatlas.com/atlas" version="1.3" data-source="IA DataManager 6.7.3">
	<Geography id="HF-omr&#229;der" name="HF-omr&#229;der" type="polygon">
		<FeatureList>
			<Feature id="2" name="UNN/Finnmark" >
			</Feature>
			<Feature id="4" name="Nordland" >
			</Feature>
			<Feature id="7" name="Tr&#248;ndelag" >
			</Feature>
			<Feature id="8" name="M&#248;re og Romsdal" >
			</Feature>
			<Feature id="11" name="Bergen/F&#248;rde" >
			</Feature>
			<Feature id="12" name="Fonna" >
			</Feature>
			<Feature id="13" name="Stavanger" >
			</Feature>
			<Feature id="14" name="&#216;stfold" >
			</Feature>
			<Feature id="15" name="AHUS" >
			</Feature>
			<Feature id="16" name="OUS" >
			</Feature>
			<Feature id="19" name="Innlandet" >
			</Feature>
			<Feature id="20" name="Vestre Viken" >
			</Feature>
			<Feature id="21" name="Vestfold" >
			</Feature>
			<Feature id="22" name="Telemark" >
			</Feature>
			<Feature id="23" name="S&#248;rlandet" >
			</Feature>
			<ComparisonFeature id="1" name="Norway">
			</ComparisonFeature>
		</FeatureList>
		<FilterList>
			<Filter id="filter4" name="Fylke" />
		</FilterList>
		<ThemeList>
			<Theme  xmlns="http://data.instantatlas.com/atlas" id="t0" name="Admissions">

				<Indicator id="i0" name="Patients" type="numeric" date="Less than 34.0 weeks" href="">
					<Value for="2">885.7</Value>
					<Value for="4">874.1</Value>
					<Value for="7">868.8</Value>
					<Value for="8">845.4</Value>
					<Value for="11">845.4</Value>
					<Value for="12">836.2</Value>
					<Value for="13">887.5</Value>
					<Value for="14">893.5</Value>
					<Value for="15">886.2</Value>
					<Value for="16">816.2</Value>
					<Value for="19">807.7</Value>
					<Value for="20">961.6</Value>
					<Value for="21">807.4</Value>
					<Value for="22">834.6</Value>
					<Value for="23">900.8</Value>
					<ComparisonValue for="1">863.6</ComparisonValue>
					<Associate name="born" type="numeric"  >
						<Value for="2">315</Value>
						<Value for="4">278</Value>
						<Value for="7">587</Value>
						<Value for="8">291</Value>
						<Value for="11">776</Value>
						<Value for="12">293</Value>
						<Value for="13">640</Value>
						<Value for="14">338</Value>
						<Value for="15">668</Value>
						<Value for="16">1077</Value>
						<Value for="19">442</Value>
						<Value for="20">599</Value>
						<Value for="21">270</Value>
						<Value for="22">260</Value>
						<Value for="23">373</Value>
						<ComparisonValue for="1">7207</ComparisonValue>
					</Associate>
					<Associate name="number" type="numeric"  >
						<Value for="2">279</Value>
						<Value for="4">243</Value>
						<Value for="7">510</Value>
						<Value for="8">246</Value>
						<Value for="11">656</Value>
						<Value for="12">245</Value>
						<Value for="13">568</Value>
						<Value for="14">302</Value>
						<Value for="15">592</Value>
						<Value for="16">879</Value>
						<Value for="19">357</Value>
						<Value for="20">576</Value>
						<Value for="21">218</Value>
						<Value for="22">217</Value>
						<Value for="23">336</Value>
						<ComparisonValue for="1">6224</ComparisonValue>
					</Associate>
				</Indicator>
				<Indicator id="i0" name="Patients" type="numeric" date="34.0 to 36.6 weeks" href="">
					<Value for="2">490.7</Value>
					<Value for="4">409.1</Value>
					<Value for="7">407.9</Value>
					<Value for="8">432.3</Value>
					<Value for="11">347.8</Value>
					<Value for="12">585.8</Value>
					<Value for="13">387.9</Value>
					<Value for="14">506.7</Value>
					<Value for="15">440.6</Value>
					<Value for="16">422.9</Value>
					<Value for="19">427.7</Value>
					<Value for="20">415.8</Value>
					<Value for="21">711.3</Value>
					<Value for="22">636.2</Value>
					<Value for="23">592.6</Value>
					<ComparisonValue for="1">453</ComparisonValue>
					<Associate name="born" type="numeric"  >
						<Value for="2">697</Value>
						<Value for="4">638</Value>
						<Value for="7">1368</Value>
						<Value for="8">687</Value>
						<Value for="11">1754</Value>
						<Value for="12">664</Value>
						<Value for="13">1441</Value>
						<Value for="14">827</Value>
						<Value for="15">1598</Value>
						<Value for="16">2185</Value>
						<Value for="19">1176</Value>
						<Value for="20">1277</Value>
						<Value for="21">613</Value>
						<Value for="22">481</Value>
						<Value for="23">1004</Value>
						<ComparisonValue for="1">16410</ComparisonValue>
					</Associate>
					<Associate name="number" type="numeric"  >
						<Value for="2">342</Value>
						<Value for="4">261</Value>
						<Value for="7">558</Value>
						<Value for="8">297</Value>
						<Value for="11">610</Value>
						<Value for="12">389</Value>
						<Value for="13">559</Value>
						<Value for="14">419</Value>
						<Value for="15">704</Value>
						<Value for="16">924</Value>
						<Value for="19">503</Value>
						<Value for="20">531</Value>
						<Value for="21">436</Value>
						<Value for="22">306</Value>
						<Value for="23">595</Value>
						<ComparisonValue for="1">7434</ComparisonValue>
					</Associate>
				</Indicator>
				<Indicator id="i0" name="Patients" type="numeric" date="More than 36.6 weeks (term infants)" href="">
					<Value for="2">54.7</Value>
					<Value for="4">66.4</Value>
					<Value for="7">55.8</Value>
					<Value for="8">55.9</Value>
					<Value for="11">44.1</Value>
					<Value for="12">83</Value>
					<Value for="13">71.2</Value>
					<Value for="14">66.2</Value>
					<Value for="15">58.3</Value>
					<Value for="16">51.5</Value>
					<Value for="19">49.4</Value>
					<Value for="20">50.6</Value>
					<Value for="21">115.7</Value>
					<Value for="22">96.8</Value>
					<Value for="23">88</Value>
					<ComparisonValue for="1">61.6</ComparisonValue>
					<Associate name="born" type="numeric"  >
						<Value for="2">16700</Value>
						<Value for="4">12705</Value>
						<Value for="7">29658</Value>
						<Value for="8">16118</Value>
						<Value for="11">37594</Value>
						<Value for="12">11846</Value>
						<Value for="13">27704</Value>
						<Value for="14">17078</Value>
						<Value for="15">32055</Value>
						<Value for="16">49765</Value>
						<Value for="19">20787</Value>
						<Value for="20">28225</Value>
						<Value for="21">12857</Value>
						<Value for="22">9527</Value>
						<Value for="23">19630</Value>
						<ComparisonValue for="1">342249</ComparisonValue>
					</Associate>
					<Associate name="number" type="numeric"  >
						<Value for="2">914</Value>
						<Value for="4">844</Value>
						<Value for="7">1654</Value>
						<Value for="8">901</Value>
						<Value for="11">1658</Value>
						<Value for="12">983</Value>
						<Value for="13">1972</Value>
						<Value for="14">1131</Value>
						<Value for="15">1868</Value>
						<Value for="16">2564</Value>
						<Value for="19">1026</Value>
						<Value for="20">1427</Value>
						<Value for="21">1488</Value>
						<Value for="22">922</Value>
						<Value for="23">1728</Value>
						<ComparisonValue for="1">21080</ComparisonValue>
					</Associate>
				</Indicator>
				<Indicator id="i0" name="Patients" type="numeric" date="All" href="">
					<Value for="2">86.4</Value>
					<Value for="4">98.7</Value>
					<Value for="7">85.9</Value>
					<Value for="8">84.2</Value>
					<Value for="11">72.3</Value>
					<Value for="12">124.7</Value>
					<Value for="13">102.6</Value>
					<Value for="14">101.2</Value>
					<Value for="15">91.9</Value>
					<Value for="16">81.9</Value>
					<Value for="19">83.1</Value>
					<Value for="20">83.9</Value>
					<Value for="21">155.8</Value>
					<Value for="22">139.8</Value>
					<Value for="23">125.8</Value>
					<ComparisonValue for="1">94.4</ComparisonValue>
					<Associate name="born" type="numeric"  >
						<Value for="2">17771</Value>
						<Value for="4">13656</Value>
						<Value for="7">31692</Value>
						<Value for="8">17140</Value>
						<Value for="11">40458</Value>
						<Value for="12">12964</Value>
						<Value for="13">30193</Value>
						<Value for="14">18305</Value>
						<Value for="15">34433</Value>
						<Value for="16">53323</Value>
						<Value for="19">22695</Value>
						<Value for="20">30220</Value>
						<Value for="21">13750</Value>
						<Value for="22">10337</Value>
						<Value for="23">21131</Value>
						<ComparisonValue for="1">368068</ComparisonValue>
					</Associate>
					<Associate name="number" type="numeric"  >
						<Value for="2">1535</Value>
						<Value for="4">1348</Value>
						<Value for="7">2722</Value>
						<Value for="8">1444</Value>
						<Value for="11">2924</Value>
						<Value for="12">1617</Value>
						<Value for="13">3099</Value>
						<Value for="14">1852</Value>
						<Value for="15">3164</Value>
						<Value for="16">4367</Value>
						<Value for="19">1886</Value>
						<Value for="20">2534</Value>
						<Value for="21">2142</Value>
						<Value for="22">1445</Value>
						<Value for="23">2659</Value>
						<ComparisonValue for="1">34738</ComparisonValue>
					</Associate>
				</Indicator>
				<Indicator id="i1" name="Lenght of stay" type="numeric" date="Less than 34.0 weeks" href="">
					<Value for="2">43790.5</Value>
					<Value for="4">39996.4</Value>
					<Value for="7">35097.1</Value>
					<Value for="8">36955.3</Value>
					<Value for="11">32475.5</Value>
					<Value for="12">33365.2</Value>
					<Value for="13">33471.9</Value>
					<Value for="14">36600.6</Value>
					<Value for="15">38802.4</Value>
					<Value for="16">29025.1</Value>
					<Value for="19">32416.3</Value>
					<Value for="20">34190.3</Value>
					<Value for="21">32992.6</Value>
					<Value for="22">34300</Value>
					<Value for="23">38463.8</Value>
					<ComparisonValue for="1">34577.5</ComparisonValue>
					<Associate name="born" type="numeric"  >
						<Value for="2">315</Value>
						<Value for="4">278</Value>
						<Value for="7">587</Value>
						<Value for="8">291</Value>
						<Value for="11">776</Value>
						<Value for="12">293</Value>
						<Value for="13">640</Value>
						<Value for="14">338</Value>
						<Value for="15">668</Value>
						<Value for="16">1077</Value>
						<Value for="19">442</Value>
						<Value for="20">599</Value>
						<Value for="21">270</Value>
						<Value for="22">260</Value>
						<Value for="23">373</Value>
						<ComparisonValue for="1">7207</ComparisonValue>
					</Associate>
					<Associate name="number" type="numeric"  >
						<Value for="2">13794</Value>
						<Value for="4">11119</Value>
						<Value for="7">20602</Value>
						<Value for="8">10754</Value>
						<Value for="11">25201</Value>
						<Value for="12">9776</Value>
						<Value for="13">21422</Value>
						<Value for="14">12371</Value>
						<Value for="15">25920</Value>
						<Value for="16">31260</Value>
						<Value for="19">14328</Value>
						<Value for="20">20480</Value>
						<Value for="21">8908</Value>
						<Value for="22">8918</Value>
						<Value for="23">14347</Value>
						<ComparisonValue for="1">249200</ComparisonValue>
					</Associate>
				</Indicator>
				<Indicator id="i1" name="Lenght of stay" type="numeric" date="34.0 to 36.6 weeks" href="">
					<Value for="2">7901</Value>
					<Value for="4">5468.7</Value>
					<Value for="7">5295.3</Value>
					<Value for="8">5116.4</Value>
					<Value for="11">3440.1</Value>
					<Value for="12">6744</Value>
					<Value for="13">4112.4</Value>
					<Value for="14">6662.6</Value>
					<Value for="15">5200.9</Value>
					<Value for="16">4018.3</Value>
					<Value for="19">5669.2</Value>
					<Value for="20">3823.8</Value>
					<Value for="21">6727.6</Value>
					<Value for="22">6887.7</Value>
					<Value for="23">6335.7</Value>
					<ComparisonValue for="1">5127.5</ComparisonValue>
					<Associate name="born" type="numeric"  >
						<Value for="2">697</Value>
						<Value for="4">638</Value>
						<Value for="7">1368</Value>
						<Value for="8">687</Value>
						<Value for="11">1754</Value>
						<Value for="12">664</Value>
						<Value for="13">1441</Value>
						<Value for="14">827</Value>
						<Value for="15">1598</Value>
						<Value for="16">2185</Value>
						<Value for="19">1176</Value>
						<Value for="20">1277</Value>
						<Value for="21">613</Value>
						<Value for="22">481</Value>
						<Value for="23">1004</Value>
						<ComparisonValue for="1">16410</ComparisonValue>
					</Associate>
					<Associate name="number" type="numeric"  >
						<Value for="2">5507</Value>
						<Value for="4">3489</Value>
						<Value for="7">7244</Value>
						<Value for="8">3515</Value>
						<Value for="11">6034</Value>
						<Value for="12">4478</Value>
						<Value for="13">5926</Value>
						<Value for="14">5510</Value>
						<Value for="15">8311</Value>
						<Value for="16">8780</Value>
						<Value for="19">6667</Value>
						<Value for="20">4883</Value>
						<Value for="21">4124</Value>
						<Value for="22">3313</Value>
						<Value for="23">6361</Value>
						<ComparisonValue for="1">84142</ComparisonValue>
					</Associate>
				</Indicator>
				<Indicator id="i1" name="Lenght of stay" type="numeric" date="More than 36.6 weeks (term infants)" href="">
					<Value for="2">307.6</Value>
					<Value for="4">475.1</Value>
					<Value for="7">336</Value>
					<Value for="8">375.8</Value>
					<Value for="11">173.2</Value>
					<Value for="12">496.7</Value>
					<Value for="13">332.1</Value>
					<Value for="14">396</Value>
					<Value for="15">321.8</Value>
					<Value for="16">252.1</Value>
					<Value for="19">327.2</Value>
					<Value for="20">237.7</Value>
					<Value for="21">518.2</Value>
					<Value for="22">513.5</Value>
					<Value for="23">409.9</Value>
					<ComparisonValue for="1">325.9</ComparisonValue>
					<Associate name="born" type="numeric"  >
						<Value for="2">16700</Value>
						<Value for="4">12705</Value>
						<Value for="7">29658</Value>
						<Value for="8">16118</Value>
						<Value for="11">37594</Value>
						<Value for="12">11846</Value>
						<Value for="13">27704</Value>
						<Value for="14">17078</Value>
						<Value for="15">32055</Value>
						<Value for="16">49765</Value>
						<Value for="19">20787</Value>
						<Value for="20">28225</Value>
						<Value for="21">12857</Value>
						<Value for="22">9527</Value>
						<Value for="23">19630</Value>
						<ComparisonValue for="1">342249</ComparisonValue>
					</Associate>
					<Associate name="number" type="numeric"  >
						<Value for="2">5137</Value>
						<Value for="4">6036</Value>
						<Value for="7">9966</Value>
						<Value for="8">6057</Value>
						<Value for="11">6510</Value>
						<Value for="12">5884</Value>
						<Value for="13">9200</Value>
						<Value for="14">6763</Value>
						<Value for="15">10314</Value>
						<Value for="16">12545</Value>
						<Value for="19">6801</Value>
						<Value for="20">6710</Value>
						<Value for="21">6662</Value>
						<Value for="22">4892</Value>
						<Value for="23">8046</Value>
						<ComparisonValue for="1">111523</ComparisonValue>
					</Associate>
				</Indicator>
				<Indicator id="i1" name="Lenght of stay" type="numeric" date="All" href="">
					<Value for="2">1375.2</Value>
					<Value for="4">1511.7</Value>
					<Value for="7">1193.1</Value>
					<Value for="8">1185.9</Value>
					<Value for="11">932.9</Value>
					<Value for="12">1553.4</Value>
					<Value for="13">1210.5</Value>
					<Value for="14">1346.3</Value>
					<Value for="15">1293.7</Value>
					<Value for="16">986.2</Value>
					<Value for="19">1224.8</Value>
					<Value for="20">1061.3</Value>
					<Value for="21">1432.3</Value>
					<Value for="22">1656.5</Value>
					<Value for="23">1360.7</Value>
					<ComparisonValue for="1">1208.6</ComparisonValue>
					<Associate name="born" type="numeric"  >
						<Value for="2">17771</Value>
						<Value for="4">13656</Value>
						<Value for="7">31692</Value>
						<Value for="8">17140</Value>
						<Value for="11">40458</Value>
						<Value for="12">12964</Value>
						<Value for="13">30193</Value>
						<Value for="14">18305</Value>
						<Value for="15">34433</Value>
						<Value for="16">53323</Value>
						<Value for="19">22695</Value>
						<Value for="20">30220</Value>
						<Value for="21">13750</Value>
						<Value for="22">10337</Value>
						<Value for="23">21131</Value>
						<ComparisonValue for="1">368068</ComparisonValue>
					</Associate>
					<Associate name="number" type="numeric"  >
						<Value for="2">24438</Value>
						<Value for="4">20644</Value>
						<Value for="7">37812</Value>
						<Value for="8">20326</Value>
						<Value for="11">37745</Value>
						<Value for="12">20138</Value>
						<Value for="13">36548</Value>
						<Value for="14">24644</Value>
						<Value for="15">44545</Value>
						<Value for="16">52585</Value>
						<Value for="19">27796</Value>
						<Value for="20">32073</Value>
						<Value for="21">19694</Value>
						<Value for="22">17123</Value>
						<Value for="23">28754</Value>
						<ComparisonValue for="1">444865</ComparisonValue>
					</Associate>
				</Indicator>
			</Theme>
			<Theme  xmlns="http://data.instantatlas.com/atlas" id="t1" name="Antibiotic treatment">

				<Indicator id="i2" name="Patients" type="numeric" date="Less than 34.0 weeks" href="">
					<Value for="2">552.4</Value>
					<Value for="4">500</Value>
					<Value for="7">480.4</Value>
					<Value for="8">491.4</Value>
					<Value for="11">586.3</Value>
					<Value for="12">471</Value>
					<Value for="13">595.3</Value>
					<Value for="14">541.4</Value>
					<Value for="15">434.1</Value>
					<Value for="16">434.5</Value>
					<Value for="19">407.2</Value>
					<Value for="20">672.8</Value>
					<Value for="21">422.2</Value>
					<Value for="22">526.9</Value>
					<Value for="23">613.9</Value>
					<ComparisonValue for="1">515.6</ComparisonValue>
					<Associate name="born" type="numeric"  >
						<Value for="2">315</Value>
						<Value for="4">278</Value>
						<Value for="7">587</Value>
						<Value for="8">291</Value>
						<Value for="11">776</Value>
						<Value for="12">293</Value>
						<Value for="13">640</Value>
						<Value for="14">338</Value>
						<Value for="15">668</Value>
						<Value for="16">1077</Value>
						<Value for="19">442</Value>
						<Value for="20">599</Value>
						<Value for="21">270</Value>
						<Value for="22">260</Value>
						<Value for="23">373</Value>
						<ComparisonValue for="1">7207</ComparisonValue>
					</Associate>
					<Associate name="number" type="numeric"  >
						<Value for="2">174</Value>
						<Value for="4">139</Value>
						<Value for="7">282</Value>
						<Value for="8">143</Value>
						<Value for="11">455</Value>
						<Value for="12">138</Value>
						<Value for="13">381</Value>
						<Value for="14">183</Value>
						<Value for="15">290</Value>
						<Value for="16">468</Value>
						<Value for="19">180</Value>
						<Value for="20">403</Value>
						<Value for="21">114</Value>
						<Value for="22">137</Value>
						<Value for="23">229</Value>
						<ComparisonValue for="1">3716</ComparisonValue>
					</Associate>
				</Indicator>
				<Indicator id="i2" name="Patients" type="numeric" date="34.0 to 36.6 weeks" href="">
					<Value for="2">99</Value>
					<Value for="4">105</Value>
					<Value for="7">74.6</Value>
					<Value for="8">77.1</Value>
					<Value for="11">97.5</Value>
					<Value for="12">72.3</Value>
					<Value for="13">145</Value>
					<Value for="14">89.5</Value>
					<Value for="15">69.5</Value>
					<Value for="16">108</Value>
					<Value for="19">74</Value>
					<Value for="20">154.3</Value>
					<Value for="21">78.3</Value>
					<Value for="22">83.2</Value>
					<Value for="23">146.4</Value>
					<ComparisonValue for="1">101.1</ComparisonValue>
					<Associate name="born" type="numeric"  >
						<Value for="2">697</Value>
						<Value for="4">638</Value>
						<Value for="7">1368</Value>
						<Value for="8">687</Value>
						<Value for="11">1754</Value>
						<Value for="12">664</Value>
						<Value for="13">1441</Value>
						<Value for="14">827</Value>
						<Value for="15">1598</Value>
						<Value for="16">2185</Value>
						<Value for="19">1176</Value>
						<Value for="20">1277</Value>
						<Value for="21">613</Value>
						<Value for="22">481</Value>
						<Value for="23">1004</Value>
						<ComparisonValue for="1">16410</ComparisonValue>
					</Associate>
					<Associate name="number" type="numeric"  >
						<Value for="2">69</Value>
						<Value for="4">67</Value>
						<Value for="7">102</Value>
						<Value for="8">53</Value>
						<Value for="11">171</Value>
						<Value for="12">48</Value>
						<Value for="13">209</Value>
						<Value for="14">74</Value>
						<Value for="15">111</Value>
						<Value for="16">236</Value>
						<Value for="19">87</Value>
						<Value for="20">197</Value>
						<Value for="21">48</Value>
						<Value for="22">40</Value>
						<Value for="23">147</Value>
						<ComparisonValue for="1">1659</ComparisonValue>
					</Associate>
				</Indicator>
				<Indicator id="i2" name="Patients" type="numeric" date="More than 36.6 weeks (term infants)" href="">
					<Value for="2">23.2</Value>
					<Value for="4">30.9</Value>
					<Value for="7">25.2</Value>
					<Value for="8">23.1</Value>
					<Value for="11">15.9</Value>
					<Value for="12">23.6</Value>
					<Value for="13">36.7</Value>
					<Value for="14">30.4</Value>
					<Value for="15">20.5</Value>
					<Value for="16">24</Value>
					<Value for="19">21.4</Value>
					<Value for="20">30.6</Value>
					<Value for="21">26.1</Value>
					<Value for="22">23.9</Value>
					<Value for="23">30.6</Value>
					<ComparisonValue for="1">25.2</ComparisonValue>
					<Associate name="born" type="numeric"  >
						<Value for="2">16700</Value>
						<Value for="4">12705</Value>
						<Value for="7">29658</Value>
						<Value for="8">16118</Value>
						<Value for="11">37594</Value>
						<Value for="12">11846</Value>
						<Value for="13">27704</Value>
						<Value for="14">17078</Value>
						<Value for="15">32055</Value>
						<Value for="16">49765</Value>
						<Value for="19">20787</Value>
						<Value for="20">28225</Value>
						<Value for="21">12857</Value>
						<Value for="22">9527</Value>
						<Value for="23">19630</Value>
						<ComparisonValue for="1">342249</ComparisonValue>
					</Associate>
					<Associate name="number" type="numeric"  >
						<Value for="2">387</Value>
						<Value for="4">392</Value>
						<Value for="7">747</Value>
						<Value for="8">373</Value>
						<Value for="11">598</Value>
						<Value for="12">279</Value>
						<Value for="13">1016</Value>
						<Value for="14">519</Value>
						<Value for="15">656</Value>
						<Value for="16">1192</Value>
						<Value for="19">445</Value>
						<Value for="20">864</Value>
						<Value for="21">336</Value>
						<Value for="22">228</Value>
						<Value for="23">600</Value>
						<ComparisonValue for="1">8632</ComparisonValue>
					</Associate>
				</Indicator>
				<Indicator id="i2" name="Patients" type="numeric" date="All" href="">
					<Value for="2">35.5</Value>
					<Value for="4">43.8</Value>
					<Value for="7">35.7</Value>
					<Value for="8">33.2</Value>
					<Value for="11">30.3</Value>
					<Value for="12">35.9</Value>
					<Value for="13">53.2</Value>
					<Value for="14">42.4</Value>
					<Value for="15">30.7</Value>
					<Value for="16">35.6</Value>
					<Value for="19">31.4</Value>
					<Value for="20">48.4</Value>
					<Value for="21">36.2</Value>
					<Value for="22">39.2</Value>
					<Value for="23">46.2</Value>
					<ComparisonValue for="1">38.1</ComparisonValue>
					<Associate name="born" type="numeric"  >
						<Value for="2">17771</Value>
						<Value for="4">13656</Value>
						<Value for="7">31692</Value>
						<Value for="8">17140</Value>
						<Value for="11">40458</Value>
						<Value for="12">12964</Value>
						<Value for="13">30193</Value>
						<Value for="14">18305</Value>
						<Value for="15">34433</Value>
						<Value for="16">53323</Value>
						<Value for="19">22695</Value>
						<Value for="20">30220</Value>
						<Value for="21">13750</Value>
						<Value for="22">10337</Value>
						<Value for="23">21131</Value>
						<ComparisonValue for="1">368068</ComparisonValue>
					</Associate>
					<Associate name="number" type="numeric"  >
						<Value for="2">630</Value>
						<Value for="4">598</Value>
						<Value for="7">1131</Value>
						<Value for="8">569</Value>
						<Value for="11">1224</Value>
						<Value for="12">465</Value>
						<Value for="13">1606</Value>
						<Value for="14">776</Value>
						<Value for="15">1057</Value>
						<Value for="16">1896</Value>
						<Value for="19">712</Value>
						<Value for="20">1464</Value>
						<Value for="21">498</Value>
						<Value for="22">405</Value>
						<Value for="23">976</Value>
						<ComparisonValue for="1">14007</ComparisonValue>
					</Associate>
				</Indicator>
				<Indicator id="i3" name="Treatment days" type="numeric" date="Less than 34.0 weeks" href="">
					<Value for="2">5015.9</Value>
					<Value for="4">5550.4</Value>
					<Value for="7">4521.3</Value>
					<Value for="8">8051.5</Value>
					<Value for="11">5554.1</Value>
					<Value for="12">3747.4</Value>
					<Value for="13">4650</Value>
					<Value for="14">5275.1</Value>
					<Value for="15">5702.1</Value>
					<Value for="16">4292.5</Value>
					<Value for="19">4133.5</Value>
					<Value for="20">5272.1</Value>
					<Value for="21">3592.6</Value>
					<Value for="22">5534.6</Value>
					<Value for="23">5983.9</Value>
					<ComparisonValue for="1">5043</ComparisonValue>
					<Associate name="born" type="numeric"  >
						<Value for="2">315</Value>
						<Value for="4">278</Value>
						<Value for="7">587</Value>
						<Value for="8">291</Value>
						<Value for="11">776</Value>
						<Value for="12">293</Value>
						<Value for="13">640</Value>
						<Value for="14">338</Value>
						<Value for="15">668</Value>
						<Value for="16">1077</Value>
						<Value for="19">442</Value>
						<Value for="20">599</Value>
						<Value for="21">270</Value>
						<Value for="22">260</Value>
						<Value for="23">373</Value>
						<ComparisonValue for="1">7207</ComparisonValue>
					</Associate>
					<Associate name="number" type="numeric"  >
						<Value for="2">1580</Value>
						<Value for="4">1543</Value>
						<Value for="7">2654</Value>
						<Value for="8">2343</Value>
						<Value for="11">4310</Value>
						<Value for="12">1098</Value>
						<Value for="13">2976</Value>
						<Value for="14">1783</Value>
						<Value for="15">3809</Value>
						<Value for="16">4623</Value>
						<Value for="19">1827</Value>
						<Value for="20">3158</Value>
						<Value for="21">970</Value>
						<Value for="22">1439</Value>
						<Value for="23">2232</Value>
						<ComparisonValue for="1">36345</ComparisonValue>
					</Associate>
				</Indicator>
				<Indicator id="i3" name="Treatment days" type="numeric" date="34.0 to 36.6 weeks" href="">
					<Value for="2">562.4</Value>
					<Value for="4">639.5</Value>
					<Value for="7">390.4</Value>
					<Value for="8">489.1</Value>
					<Value for="11">741.2</Value>
					<Value for="12">480.4</Value>
					<Value for="13">711.3</Value>
					<Value for="14">529.6</Value>
					<Value for="15">460.6</Value>
					<Value for="16">540</Value>
					<Value for="19">464.3</Value>
					<Value for="20">544.2</Value>
					<Value for="21">332.8</Value>
					<Value for="22">409.6</Value>
					<Value for="23">783.9</Value>
					<ComparisonValue for="1">554.4</ComparisonValue>
					<Associate name="born" type="numeric"  >
						<Value for="2">697</Value>
						<Value for="4">638</Value>
						<Value for="7">1368</Value>
						<Value for="8">687</Value>
						<Value for="11">1754</Value>
						<Value for="12">664</Value>
						<Value for="13">1441</Value>
						<Value for="14">827</Value>
						<Value for="15">1598</Value>
						<Value for="16">2185</Value>
						<Value for="19">1176</Value>
						<Value for="20">1277</Value>
						<Value for="21">613</Value>
						<Value for="22">481</Value>
						<Value for="23">1004</Value>
						<ComparisonValue for="1">16410</ComparisonValue>
					</Associate>
					<Associate name="number" type="numeric"  >
						<Value for="2">392</Value>
						<Value for="4">408</Value>
						<Value for="7">534</Value>
						<Value for="8">336</Value>
						<Value for="11">1300</Value>
						<Value for="12">319</Value>
						<Value for="13">1025</Value>
						<Value for="14">438</Value>
						<Value for="15">736</Value>
						<Value for="16">1180</Value>
						<Value for="19">546</Value>
						<Value for="20">695</Value>
						<Value for="21">204</Value>
						<Value for="22">197</Value>
						<Value for="23">787</Value>
						<ComparisonValue for="1">9097</ComparisonValue>
					</Associate>
				</Indicator>
				<Indicator id="i3" name="Treatment days" type="numeric" date="More than 36.6 weeks (term infants)" href="">
					<Value for="2">130.1</Value>
					<Value for="4">185.9</Value>
					<Value for="7">160</Value>
					<Value for="8">152.9</Value>
					<Value for="11">81.1</Value>
					<Value for="12">139.2</Value>
					<Value for="13">184.1</Value>
					<Value for="14">189.6</Value>
					<Value for="15">133.7</Value>
					<Value for="16">131.9</Value>
					<Value for="19">130.4</Value>
					<Value for="20">141.6</Value>
					<Value for="21">156.2</Value>
					<Value for="22">144.6</Value>
					<Value for="23">173.4</Value>
					<ComparisonValue for="1">143.5</ComparisonValue>
					<Associate name="born" type="numeric"  >
						<Value for="2">16700</Value>
						<Value for="4">12705</Value>
						<Value for="7">29658</Value>
						<Value for="8">16118</Value>
						<Value for="11">37594</Value>
						<Value for="12">11846</Value>
						<Value for="13">27704</Value>
						<Value for="14">17078</Value>
						<Value for="15">32055</Value>
						<Value for="16">49765</Value>
						<Value for="19">20787</Value>
						<Value for="20">28225</Value>
						<Value for="21">12857</Value>
						<Value for="22">9527</Value>
						<Value for="23">19630</Value>
						<ComparisonValue for="1">342249</ComparisonValue>
					</Associate>
					<Associate name="number" type="numeric"  >
						<Value for="2">2173</Value>
						<Value for="4">2362</Value>
						<Value for="7">4744</Value>
						<Value for="8">2464</Value>
						<Value for="11">3047</Value>
						<Value for="12">1649</Value>
						<Value for="13">5100</Value>
						<Value for="14">3238</Value>
						<Value for="15">4286</Value>
						<Value for="16">6563</Value>
						<Value for="19">2710</Value>
						<Value for="20">3997</Value>
						<Value for="21">2008</Value>
						<Value for="22">1378</Value>
						<Value for="23">3404</Value>
						<ComparisonValue for="1">49123</ComparisonValue>
					</Associate>
				</Indicator>
				<Indicator id="i3" name="Treatment days" type="numeric" date="All" href="">
					<Value for="2">233.2</Value>
					<Value for="4">315.8</Value>
					<Value for="7">250.3</Value>
					<Value for="8">300.1</Value>
					<Value for="11">214</Value>
					<Value for="12">236.5</Value>
					<Value for="13">301.4</Value>
					<Value for="14">298.2</Value>
					<Value for="15">256.5</Value>
					<Value for="16">231.9</Value>
					<Value for="19">224</Value>
					<Value for="20">259.8</Value>
					<Value for="21">231.4</Value>
					<Value for="22">291.6</Value>
					<Value for="23">304</Value>
					<ComparisonValue for="1">256.9</ComparisonValue>
					<Associate name="born" type="numeric"  >
						<Value for="2">17771</Value>
						<Value for="4">13656</Value>
						<Value for="7">31692</Value>
						<Value for="8">17140</Value>
						<Value for="11">40458</Value>
						<Value for="12">12964</Value>
						<Value for="13">30193</Value>
						<Value for="14">18305</Value>
						<Value for="15">34433</Value>
						<Value for="16">53323</Value>
						<Value for="19">22695</Value>
						<Value for="20">30220</Value>
						<Value for="21">13750</Value>
						<Value for="22">10337</Value>
						<Value for="23">21131</Value>
						<ComparisonValue for="1">368068</ComparisonValue>
					</Associate>
					<Associate name="number" type="numeric"  >
						<Value for="2">4145</Value>
						<Value for="4">4313</Value>
						<Value for="7">7932</Value>
						<Value for="8">5143</Value>
						<Value for="11">8657</Value>
						<Value for="12">3066</Value>
						<Value for="13">9101</Value>
						<Value for="14">5459</Value>
						<Value for="15">8831</Value>
						<Value for="16">12366</Value>
						<Value for="19">5083</Value>
						<Value for="20">7850</Value>
						<Value for="21">3182</Value>
						<Value for="22">3014</Value>
						<Value for="23">6423</Value>
						<ComparisonValue for="1">94565</ComparisonValue>
					</Associate>
				</Indicator>
				<Indicator id="i4" name="Patients with Sepsisdiagnose" type="numeric" date="Less than 37.0 weeks" href="">
					<Value for="2">44.5</Value>
					<Value for="4">66.6</Value>
					<Value for="7">43</Value>
					<Value for="8">49.1</Value>
					<Value for="11">27.7</Value>
					<Value for="12">30.3</Value>
					<Value for="13">45.2</Value>
					<Value for="14">52.4</Value>
					<Value for="15">62.2</Value>
					<Value for="16">56.4</Value>
					<Value for="19">44.5</Value>
					<Value for="20">45.3</Value>
					<Value for="21">29.4</Value>
					<Value for="22">48.6</Value>
					<Value for="23">62.5</Value>
					<ComparisonValue for="1">47.5</ComparisonValue>
					<Associate name="born" type="numeric"  >
						<Value for="2">1012</Value>
						<Value for="4">916</Value>
						<Value for="7">1955</Value>
						<Value for="8">978</Value>
						<Value for="11">2530</Value>
						<Value for="12">957</Value>
						<Value for="13">2081</Value>
						<Value for="14">1165</Value>
						<Value for="15">2266</Value>
						<Value for="16">3262</Value>
						<Value for="19">1618</Value>
						<Value for="20">1876</Value>
						<Value for="21">883</Value>
						<Value for="22">741</Value>
						<Value for="23">1377</Value>
						<ComparisonValue for="1">23617</ComparisonValue>
					</Associate>
					<Associate name="number" type="numeric"  >
						<Value for="2">45</Value>
						<Value for="4">61</Value>
						<Value for="7">84</Value>
						<Value for="8">48</Value>
						<Value for="11">70</Value>
						<Value for="12">29</Value>
						<Value for="13">94</Value>
						<Value for="14">61</Value>
						<Value for="15">141</Value>
						<Value for="16">184</Value>
						<Value for="19">72</Value>
						<Value for="20">85</Value>
						<Value for="21">26</Value>
						<Value for="22">36</Value>
						<Value for="23">86</Value>
						<ComparisonValue for="1">1122</ComparisonValue>
					</Associate>
				</Indicator>
				<Indicator id="i4" name="Patients with Sepsisdiagnose" type="numeric" date="More than 36.6 weeks (term infants)" href="">
					<Value for="2">10.6</Value>
					<Value for="4">19.9</Value>
					<Value for="7">13</Value>
					<Value for="8">10</Value>
					<Value for="11">3.6</Value>
					<Value for="12">12.1</Value>
					<Value for="13">16</Value>
					<Value for="14">18.9</Value>
					<Value for="15">12.8</Value>
					<Value for="16">13.7</Value>
					<Value for="19">10.5</Value>
					<Value for="20">11</Value>
					<Value for="21">11.8</Value>
					<Value for="22">6.1</Value>
					<Value for="23">14.2</Value>
					<ComparisonValue for="1">12.1</ComparisonValue>
					<Associate name="born" type="numeric"  >
						<Value for="2">16700</Value>
						<Value for="4">12705</Value>
						<Value for="7">29658</Value>
						<Value for="8">16118</Value>
						<Value for="11">37594</Value>
						<Value for="12">11846</Value>
						<Value for="13">27704</Value>
						<Value for="14">17078</Value>
						<Value for="15">32055</Value>
						<Value for="16">49765</Value>
						<Value for="19">20787</Value>
						<Value for="20">28225</Value>
						<Value for="21">12857</Value>
						<Value for="22">9527</Value>
						<Value for="23">19630</Value>
						<ComparisonValue for="1">342249</ComparisonValue>
					</Associate>
					<Associate name="number" type="numeric"  >
						<Value for="2">177</Value>
						<Value for="4">253</Value>
						<Value for="7">385</Value>
						<Value for="8">161</Value>
						<Value for="11">135</Value>
						<Value for="12">143</Value>
						<Value for="13">444</Value>
						<Value for="14">322</Value>
						<Value for="15">411</Value>
						<Value for="16">683</Value>
						<Value for="19">219</Value>
						<Value for="20">311</Value>
						<Value for="21">152</Value>
						<Value for="22">58</Value>
						<Value for="23">278</Value>
						<ComparisonValue for="1">4132</ComparisonValue>
					</Associate>
				</Indicator>
				<Indicator id="i4" name="Patients with Sepsisdiagnose" type="numeric" date="All" href="">
					<Value for="2">12.5</Value>
					<Value for="4">23</Value>
					<Value for="7">14.8</Value>
					<Value for="8">12.2</Value>
					<Value for="11">5.1</Value>
					<Value for="12">13.3</Value>
					<Value for="13">17.8</Value>
					<Value for="14">20.9</Value>
					<Value for="15">16</Value>
					<Value for="16">16.3</Value>
					<Value for="19">12.8</Value>
					<Value for="20">13.1</Value>
					<Value for="21">12.9</Value>
					<Value for="22">9.1</Value>
					<Value for="23">17.2</Value>
					<ComparisonValue for="1">14.3</ComparisonValue>
					<Associate name="born" type="numeric"  >
						<Value for="2">17771</Value>
						<Value for="4">13656</Value>
						<Value for="7">31692</Value>
						<Value for="8">17140</Value>
						<Value for="11">40458</Value>
						<Value for="12">12964</Value>
						<Value for="13">30193</Value>
						<Value for="14">18305</Value>
						<Value for="15">34433</Value>
						<Value for="16">53323</Value>
						<Value for="19">22695</Value>
						<Value for="20">30220</Value>
						<Value for="21">13750</Value>
						<Value for="22">10337</Value>
						<Value for="23">21131</Value>
						<ComparisonValue for="1">368068</ComparisonValue>
					</Associate>
					<Associate name="number" type="numeric"  >
						<Value for="2">222</Value>
						<Value for="4">314</Value>
						<Value for="7">469</Value>
						<Value for="8">209</Value>
						<Value for="11">205</Value>
						<Value for="12">172</Value>
						<Value for="13">538</Value>
						<Value for="14">383</Value>
						<Value for="15">552</Value>
						<Value for="16">867</Value>
						<Value for="19">291</Value>
						<Value for="20">396</Value>
						<Value for="21">178</Value>
						<Value for="22">94</Value>
						<Value for="23">364</Value>
						<ComparisonValue for="1">5254</ComparisonValue>
					</Associate>
				</Indicator>
			</Theme>
			<Theme  xmlns="http://data.instantatlas.com/atlas" id="t2" name="Ventilator treatment">

				<Indicator id="i5" name="Patients" type="numeric" date="28.0 to 36.6 weeks" href="">
					<Value for="2">77.1</Value>
					<Value for="4">61.5</Value>
					<Value for="7">53.6</Value>
					<Value for="8">73.4</Value>
					<Value for="11">63.5</Value>
					<Value for="12">48.8</Value>
					<Value for="13">45.7</Value>
					<Value for="14">48.6</Value>
					<Value for="15">46.9</Value>
					<Value for="16">52.7</Value>
					<Value for="19">59.1</Value>
					<Value for="20">31.5</Value>
					<Value for="21">48.7</Value>
					<Value for="22">52.6</Value>
					<Value for="23">53</Value>
					<ComparisonValue for="1">53.3</ComparisonValue>
					<Associate name="born" type="numeric"  >
						<Value for="2">947</Value>
						<Value for="4">846</Value>
						<Value for="7">1830</Value>
						<Value for="8">927</Value>
						<Value for="11">2347</Value>
						<Value for="12">881</Value>
						<Value for="13">1949</Value>
						<Value for="14">1110</Value>
						<Value for="15">2130</Value>
						<Value for="16">3037</Value>
						<Value for="19">1540</Value>
						<Value for="20">1748</Value>
						<Value for="21">821</Value>
						<Value for="22">685</Value>
						<Value for="23">1303</Value>
						<ComparisonValue for="1">22101</ComparisonValue>
					</Associate>
					<Associate name="number" type="numeric"  >
						<Value for="2">73</Value>
						<Value for="4">52</Value>
						<Value for="7">98</Value>
						<Value for="8">68</Value>
						<Value for="11">149</Value>
						<Value for="12">43</Value>
						<Value for="13">89</Value>
						<Value for="14">54</Value>
						<Value for="15">100</Value>
						<Value for="16">160</Value>
						<Value for="19">91</Value>
						<Value for="20">55</Value>
						<Value for="21">40</Value>
						<Value for="22">36</Value>
						<Value for="23">69</Value>
						<ComparisonValue for="1">1177</ComparisonValue>
					</Associate>
				</Indicator>
				<Indicator id="i5" name="Patients" type="numeric" date="More than 36.6 weeks (term infants)" href="">
					<Value for="2">3.9</Value>
					<Value for="4">3.9</Value>
					<Value for="7">3.6</Value>
					<Value for="8">5</Value>
					<Value for="11">2.9</Value>
					<Value for="12">3.5</Value>
					<Value for="13">2.6</Value>
					<Value for="14">3.1</Value>
					<Value for="15">3.4</Value>
					<Value for="16">2.9</Value>
					<Value for="19">3.3</Value>
					<Value for="20">1.8</Value>
					<Value for="21">2.3</Value>
					<Value for="22">3.6</Value>
					<Value for="23">2.9</Value>
					<ComparisonValue for="1">3.1</ComparisonValue>
					<Associate name="born" type="numeric"  >
						<Value for="2">16700</Value>
						<Value for="4">12705</Value>
						<Value for="7">29658</Value>
						<Value for="8">16118</Value>
						<Value for="11">37594</Value>
						<Value for="12">11846</Value>
						<Value for="13">27704</Value>
						<Value for="14">17078</Value>
						<Value for="15">32055</Value>
						<Value for="16">49765</Value>
						<Value for="19">20787</Value>
						<Value for="20">28225</Value>
						<Value for="21">12857</Value>
						<Value for="22">9527</Value>
						<Value for="23">19630</Value>
						<ComparisonValue for="1">342249</ComparisonValue>
					</Associate>
					<Associate name="number" type="numeric"  >
						<Value for="2">65</Value>
						<Value for="4">50</Value>
						<Value for="7">107</Value>
						<Value for="8">81</Value>
						<Value for="11">110</Value>
						<Value for="12">41</Value>
						<Value for="13">73</Value>
						<Value for="14">53</Value>
						<Value for="15">109</Value>
						<Value for="16">143</Value>
						<Value for="19">69</Value>
						<Value for="20">52</Value>
						<Value for="21">30</Value>
						<Value for="22">34</Value>
						<Value for="23">57</Value>
						<ComparisonValue for="1">1074</ComparisonValue>
					</Associate>
				</Indicator>
				<Indicator id="i5" name="Patients" type="numeric" date="All" href="">
					<Value for="2">10</Value>
					<Value for="4">10.6</Value>
					<Value for="7">8.5</Value>
					<Value for="8">11.1</Value>
					<Value for="11">8.7</Value>
					<Value for="12">9.2</Value>
					<Value for="13">7.8</Value>
					<Value for="14">7.8</Value>
					<Value for="15">8.7</Value>
					<Value for="16">7.9</Value>
					<Value for="19">8.9</Value>
					<Value for="20">6.3</Value>
					<Value for="21">6.7</Value>
					<Value for="22">9.5</Value>
					<Value for="23">8.1</Value>
					<ComparisonValue for="1">8.4</ComparisonValue>
					<Associate name="born" type="numeric"  >
						<Value for="2">17771</Value>
						<Value for="4">13656</Value>
						<Value for="7">31692</Value>
						<Value for="8">17140</Value>
						<Value for="11">40458</Value>
						<Value for="12">12964</Value>
						<Value for="13">30193</Value>
						<Value for="14">18305</Value>
						<Value for="15">34433</Value>
						<Value for="16">53323</Value>
						<Value for="19">22695</Value>
						<Value for="20">30220</Value>
						<Value for="21">13750</Value>
						<Value for="22">10337</Value>
						<Value for="23">21131</Value>
						<ComparisonValue for="1">368068</ComparisonValue>
					</Associate>
					<Associate name="number" type="numeric"  >
						<Value for="2">177</Value>
						<Value for="4">145</Value>
						<Value for="7">270</Value>
						<Value for="8">190</Value>
						<Value for="11">354</Value>
						<Value for="12">119</Value>
						<Value for="13">237</Value>
						<Value for="14">143</Value>
						<Value for="15">301</Value>
						<Value for="16">419</Value>
						<Value for="19">201</Value>
						<Value for="20">191</Value>
						<Value for="21">92</Value>
						<Value for="22">98</Value>
						<Value for="23">171</Value>
						<ComparisonValue for="1">3108</ComparisonValue>
					</Associate>
				</Indicator>
				<Indicator id="i6" name="Treatment days" type="numeric" date="28.0 to 36.6 weeks" href="">
					<Value for="2">317.8</Value>
					<Value for="4">318</Value>
					<Value for="7">192.3</Value>
					<Value for="8">454.2</Value>
					<Value for="11">245.4</Value>
					<Value for="12">158.9</Value>
					<Value for="13">240.1</Value>
					<Value for="14">276.6</Value>
					<Value for="15">196.2</Value>
					<Value for="16">223.9</Value>
					<Value for="19">261.7</Value>
					<Value for="20">95.5</Value>
					<Value for="21">214.4</Value>
					<Value for="22">318.2</Value>
					<Value for="23">498.1</Value>
					<ComparisonValue for="1">250.9</ComparisonValue>
					<Associate name="born" type="numeric"  >
						<Value for="2">947</Value>
						<Value for="4">846</Value>
						<Value for="7">1830</Value>
						<Value for="8">927</Value>
						<Value for="11">2347</Value>
						<Value for="12">881</Value>
						<Value for="13">1949</Value>
						<Value for="14">1110</Value>
						<Value for="15">2130</Value>
						<Value for="16">3037</Value>
						<Value for="19">1540</Value>
						<Value for="20">1748</Value>
						<Value for="21">821</Value>
						<Value for="22">685</Value>
						<Value for="23">1303</Value>
						<ComparisonValue for="1">22101</ComparisonValue>
					</Associate>
					<Associate name="number" type="numeric"  >
						<Value for="2">301</Value>
						<Value for="4">269</Value>
						<Value for="7">352</Value>
						<Value for="8">421</Value>
						<Value for="11">576</Value>
						<Value for="12">140</Value>
						<Value for="13">468</Value>
						<Value for="14">307</Value>
						<Value for="15">418</Value>
						<Value for="16">680</Value>
						<Value for="19">403</Value>
						<Value for="20">167</Value>
						<Value for="21">176</Value>
						<Value for="22">218</Value>
						<Value for="23">649</Value>
						<ComparisonValue for="1">5545</ComparisonValue>
					</Associate>
				</Indicator>
				<Indicator id="i6" name="Treatment days" type="numeric" date="More than 36.6 weeks (term infants)" href="">
					<Value for="2">16.4</Value>
					<Value for="4">15.5</Value>
					<Value for="7">18.2</Value>
					<Value for="8">24.8</Value>
					<Value for="11">7.7</Value>
					<Value for="12">12.2</Value>
					<Value for="13">11.9</Value>
					<Value for="14">12.8</Value>
					<Value for="15">15.9</Value>
					<Value for="16">11.7</Value>
					<Value for="19">17.5</Value>
					<Value for="20">11.8</Value>
					<Value for="21">7.5</Value>
					<Value for="22">25.5</Value>
					<Value for="23">13.5</Value>
					<ComparisonValue for="1">14</ComparisonValue>
					<Associate name="born" type="numeric"  >
						<Value for="2">16700</Value>
						<Value for="4">12705</Value>
						<Value for="7">29658</Value>
						<Value for="8">16118</Value>
						<Value for="11">37594</Value>
						<Value for="12">11846</Value>
						<Value for="13">27704</Value>
						<Value for="14">17078</Value>
						<Value for="15">32055</Value>
						<Value for="16">49765</Value>
						<Value for="19">20787</Value>
						<Value for="20">28225</Value>
						<Value for="21">12857</Value>
						<Value for="22">9527</Value>
						<Value for="23">19630</Value>
						<ComparisonValue for="1">342249</ComparisonValue>
					</Associate>
					<Associate name="number" type="numeric"  >
						<Value for="2">274</Value>
						<Value for="4">197</Value>
						<Value for="7">539</Value>
						<Value for="8">400</Value>
						<Value for="11">291</Value>
						<Value for="12">144</Value>
						<Value for="13">331</Value>
						<Value for="14">219</Value>
						<Value for="15">511</Value>
						<Value for="16">580</Value>
						<Value for="19">364</Value>
						<Value for="20">332</Value>
						<Value for="21">96</Value>
						<Value for="22">243</Value>
						<Value for="23">265</Value>
						<ComparisonValue for="1">4786</ComparisonValue>
					</Associate>
				</Indicator>
				<Indicator id="i6" name="Treatment days" type="numeric" date="All" href="">
					<Value for="2">79.3</Value>
					<Value for="4">79.5</Value>
					<Value for="7">67.6</Value>
					<Value for="8">116.9</Value>
					<Value for="11">41.1</Value>
					<Value for="12">47.6</Value>
					<Value for="13">51.4</Value>
					<Value for="14">61.5</Value>
					<Value for="15">91.1</Value>
					<Value for="16">57.8</Value>
					<Value for="19">72.8</Value>
					<Value for="20">68.7</Value>
					<Value for="21">69.2</Value>
					<Value for="22">79.5</Value>
					<Value for="23">75.8</Value>
					<ComparisonValue for="1">67.7</ComparisonValue>
					<Associate name="born" type="numeric"  >
						<Value for="2">17771</Value>
						<Value for="4">13656</Value>
						<Value for="7">31692</Value>
						<Value for="8">17140</Value>
						<Value for="11">40458</Value>
						<Value for="12">12964</Value>
						<Value for="13">30193</Value>
						<Value for="14">18305</Value>
						<Value for="15">34433</Value>
						<Value for="16">53323</Value>
						<Value for="19">22695</Value>
						<Value for="20">30220</Value>
						<Value for="21">13750</Value>
						<Value for="22">10337</Value>
						<Value for="23">21131</Value>
						<ComparisonValue for="1">368068</ComparisonValue>
					</Associate>
					<Associate name="number" type="numeric"  >
						<Value for="2">1410</Value>
						<Value for="4">1086</Value>
						<Value for="7">2143</Value>
						<Value for="8">2004</Value>
						<Value for="11">1663</Value>
						<Value for="12">617</Value>
						<Value for="13">1551</Value>
						<Value for="14">1126</Value>
						<Value for="15">3138</Value>
						<Value for="16">3084</Value>
						<Value for="19">1653</Value>
						<Value for="20">2075</Value>
						<Value for="21">952</Value>
						<Value for="22">822</Value>
						<Value for="23">1602</Value>
						<ComparisonValue for="1">24926</ComparisonValue>
					</Associate>
				</Indicator>
			</Theme>
			<Theme  xmlns="http://data.instantatlas.com/atlas" id="t3" name="Low blood sugar (Hypoglycaemia)">

				<Indicator id="i7" name="Patients" type="numeric" date="34.0 to 36.6 weeks" href="">
					<Value for="2">63.1</Value>
					<Value for="4">70.5</Value>
					<Value for="7">55.6</Value>
					<Value for="8">32</Value>
					<Value for="11">96.9</Value>
					<Value for="12">39.2</Value>
					<Value for="13">70.8</Value>
					<Value for="14">67.7</Value>
					<Value for="15">73.2</Value>
					<Value for="16">55.8</Value>
					<Value for="19">51</Value>
					<Value for="20">76</Value>
					<Value for="21">65.3</Value>
					<Value for="22">168.4</Value>
					<Value for="23">101.6</Value>
					<ComparisonValue for="1">70.7</ComparisonValue>
					<Associate name="born" type="numeric"  >
						<Value for="2">697</Value>
						<Value for="4">638</Value>
						<Value for="7">1368</Value>
						<Value for="8">687</Value>
						<Value for="11">1754</Value>
						<Value for="12">664</Value>
						<Value for="13">1441</Value>
						<Value for="14">827</Value>
						<Value for="15">1598</Value>
						<Value for="16">2185</Value>
						<Value for="19">1176</Value>
						<Value for="20">1277</Value>
						<Value for="21">613</Value>
						<Value for="22">481</Value>
						<Value for="23">1004</Value>
						<ComparisonValue for="1">16410</ComparisonValue>
					</Associate>
					<Associate name="number" type="numeric"  >
						<Value for="2">44</Value>
						<Value for="4">45</Value>
						<Value for="7">76</Value>
						<Value for="8">22</Value>
						<Value for="11">170</Value>
						<Value for="12">26</Value>
						<Value for="13">102</Value>
						<Value for="14">56</Value>
						<Value for="15">117</Value>
						<Value for="16">122</Value>
						<Value for="19">60</Value>
						<Value for="20">97</Value>
						<Value for="21">40</Value>
						<Value for="22">81</Value>
						<Value for="23">102</Value>
						<ComparisonValue for="1">1160</ComparisonValue>
					</Associate>
				</Indicator>
				<Indicator id="i7" name="Patients" type="numeric" date="More than 36.6 weeks (term infants)" href="">
					<Value for="2">5.3</Value>
					<Value for="4">9.4</Value>
					<Value for="7">4.4</Value>
					<Value for="8">3.7</Value>
					<Value for="11">8.7</Value>
					<Value for="12">3.8</Value>
					<Value for="13">5.8</Value>
					<Value for="14">4.7</Value>
					<Value for="15">7.7</Value>
					<Value for="16">4.8</Value>
					<Value for="19">4.2</Value>
					<Value for="20">4.7</Value>
					<Value for="21">6.5</Value>
					<Value for="22">13.3</Value>
					<Value for="23">8.1</Value>
					<ComparisonValue for="1">6.1</ComparisonValue>
					<Associate name="born" type="numeric"  >
						<Value for="2">16700</Value>
						<Value for="4">12705</Value>
						<Value for="7">29658</Value>
						<Value for="8">16118</Value>
						<Value for="11">37594</Value>
						<Value for="12">11846</Value>
						<Value for="13">27704</Value>
						<Value for="14">17078</Value>
						<Value for="15">32055</Value>
						<Value for="16">49765</Value>
						<Value for="19">20787</Value>
						<Value for="20">28225</Value>
						<Value for="21">12857</Value>
						<Value for="22">9527</Value>
						<Value for="23">19630</Value>
						<ComparisonValue for="1">342249</ComparisonValue>
					</Associate>
					<Associate name="number" type="numeric"  >
						<Value for="2">89</Value>
						<Value for="4">119</Value>
						<Value for="7">131</Value>
						<Value for="8">60</Value>
						<Value for="11">328</Value>
						<Value for="12">45</Value>
						<Value for="13">162</Value>
						<Value for="14">80</Value>
						<Value for="15">247</Value>
						<Value for="16">239</Value>
						<Value for="19">87</Value>
						<Value for="20">133</Value>
						<Value for="21">84</Value>
						<Value for="22">127</Value>
						<Value for="23">159</Value>
						<ComparisonValue for="1">2090</ComparisonValue>
					</Associate>
				</Indicator>
			</Theme>
			<Theme  xmlns="http://data.instantatlas.com/atlas" id="t4" name="Light treatment (Phototherapy)">

				<Indicator id="i8" name="Patients" type="numeric" date="34.0 to 36.6 weeks" href="">
					<Value for="2">175</Value>
					<Value for="4">203.8</Value>
					<Value for="7">144</Value>
					<Value for="8">184.9</Value>
					<Value for="11">85.5</Value>
					<Value for="12">328.3</Value>
					<Value for="13">133.9</Value>
					<Value for="14">237</Value>
					<Value for="15">172.7</Value>
					<Value for="16">130</Value>
					<Value for="19">109.7</Value>
					<Value for="20">135.5</Value>
					<Value for="21">261</Value>
					<Value for="22">368</Value>
					<Value for="23">168.3</Value>
					<ComparisonValue for="1">164.6</ComparisonValue>
					<Associate name="born" type="numeric"  >
						<Value for="2">697</Value>
						<Value for="4">638</Value>
						<Value for="7">1368</Value>
						<Value for="8">687</Value>
						<Value for="11">1754</Value>
						<Value for="12">664</Value>
						<Value for="13">1441</Value>
						<Value for="14">827</Value>
						<Value for="15">1598</Value>
						<Value for="16">2185</Value>
						<Value for="19">1176</Value>
						<Value for="20">1277</Value>
						<Value for="21">613</Value>
						<Value for="22">481</Value>
						<Value for="23">1004</Value>
						<ComparisonValue for="1">16410</ComparisonValue>
					</Associate>
					<Associate name="number" type="numeric"  >
						<Value for="2">122</Value>
						<Value for="4">130</Value>
						<Value for="7">197</Value>
						<Value for="8">127</Value>
						<Value for="11">150</Value>
						<Value for="12">218</Value>
						<Value for="13">193</Value>
						<Value for="14">196</Value>
						<Value for="15">276</Value>
						<Value for="16">284</Value>
						<Value for="19">129</Value>
						<Value for="20">173</Value>
						<Value for="21">160</Value>
						<Value for="22">177</Value>
						<Value for="23">169</Value>
						<ComparisonValue for="1">2701</ComparisonValue>
					</Associate>
				</Indicator>
				<Indicator id="i8" name="Patients" type="numeric" date="More than 36.6 weeks (term infants)" href="">
					<Value for="2">4.6</Value>
					<Value for="4">6.6</Value>
					<Value for="7">4.6</Value>
					<Value for="8">7.2</Value>
					<Value for="11">2.5</Value>
					<Value for="12">21.4</Value>
					<Value for="13">6</Value>
					<Value for="14">8</Value>
					<Value for="15">9.5</Value>
					<Value for="16">4.3</Value>
					<Value for="19">3.4</Value>
					<Value for="20">4.4</Value>
					<Value for="21">14.2</Value>
					<Value for="22">29.1</Value>
					<Value for="23">6</Value>
					<ComparisonValue for="1">6.9</ComparisonValue>
					<Associate name="born" type="numeric"  >
						<Value for="2">16700</Value>
						<Value for="4">12705</Value>
						<Value for="7">29658</Value>
						<Value for="8">16118</Value>
						<Value for="11">37594</Value>
						<Value for="12">11846</Value>
						<Value for="13">27704</Value>
						<Value for="14">17078</Value>
						<Value for="15">32055</Value>
						<Value for="16">49765</Value>
						<Value for="19">20787</Value>
						<Value for="20">28225</Value>
						<Value for="21">12857</Value>
						<Value for="22">9527</Value>
						<Value for="23">19630</Value>
						<ComparisonValue for="1">342249</ComparisonValue>
					</Associate>
					<Associate name="number" type="numeric"  >
						<Value for="2">76</Value>
						<Value for="4">84</Value>
						<Value for="7">135</Value>
						<Value for="8">116</Value>
						<Value for="11">94</Value>
						<Value for="12">253</Value>
						<Value for="13">165</Value>
						<Value for="14">137</Value>
						<Value for="15">306</Value>
						<Value for="16">214</Value>
						<Value for="19">71</Value>
						<Value for="20">123</Value>
						<Value for="21">182</Value>
						<Value for="22">277</Value>
						<Value for="23">118</Value>
						<ComparisonValue for="1">2351</ComparisonValue>
					</Associate>
				</Indicator>
			</Theme>
			<Theme  xmlns="http://data.instantatlas.com/atlas" id="t5" name="Intensive care">

				<Indicator id="i9" name="Patients" type="numeric" date="Less than 37.0 weeks" href="">
					<Value for="2">166</Value>
					<Value for="4">147.4</Value>
					<Value for="7">124.8</Value>
					<Value for="8">135</Value>
					<Value for="11">127.3</Value>
					<Value for="12">112.9</Value>
					<Value for="13">112.9</Value>
					<Value for="14">133</Value>
					<Value for="15">141.2</Value>
					<Value for="16">117.7</Value>
					<Value for="19">101.4</Value>
					<Value for="20">124.2</Value>
					<Value for="21">126.8</Value>
					<Value for="22">151.1</Value>
					<Value for="23">137.3</Value>
					<ComparisonValue for="1">127.6</ComparisonValue>
					<Associate name="born" type="numeric"  >
						<Value for="2">1012</Value>
						<Value for="4">916</Value>
						<Value for="7">1955</Value>
						<Value for="8">978</Value>
						<Value for="11">2530</Value>
						<Value for="12">957</Value>
						<Value for="13">2081</Value>
						<Value for="14">1165</Value>
						<Value for="15">2266</Value>
						<Value for="16">3262</Value>
						<Value for="19">1618</Value>
						<Value for="20">1876</Value>
						<Value for="21">883</Value>
						<Value for="22">741</Value>
						<Value for="23">1377</Value>
						<ComparisonValue for="1">23617</ComparisonValue>
					</Associate>
					<Associate name="number" type="numeric"  >
						<Value for="2">168</Value>
						<Value for="4">135</Value>
						<Value for="7">244</Value>
						<Value for="8">132</Value>
						<Value for="11">322</Value>
						<Value for="12">108</Value>
						<Value for="13">235</Value>
						<Value for="14">155</Value>
						<Value for="15">320</Value>
						<Value for="16">384</Value>
						<Value for="19">164</Value>
						<Value for="20">233</Value>
						<Value for="21">112</Value>
						<Value for="22">112</Value>
						<Value for="23">189</Value>
						<ComparisonValue for="1">3013</ComparisonValue>
					</Associate>
				</Indicator>
				<Indicator id="i9" name="Patients" type="numeric" date="More than 36.6 weeks (term infants)" href="">
					<Value for="2">7.5</Value>
					<Value for="4">7.9</Value>
					<Value for="7">6.5</Value>
					<Value for="8">8.4</Value>
					<Value for="11">5.9</Value>
					<Value for="12">7.9</Value>
					<Value for="13">6</Value>
					<Value for="14">9.3</Value>
					<Value for="15">8.7</Value>
					<Value for="16">8.2</Value>
					<Value for="19">7</Value>
					<Value for="20">5.5</Value>
					<Value for="21">8.1</Value>
					<Value for="22">10.8</Value>
					<Value for="23">9.6</Value>
					<ComparisonValue for="1">7.5</ComparisonValue>
					<Associate name="born" type="numeric"  >
						<Value for="2">16700</Value>
						<Value for="4">12705</Value>
						<Value for="7">29658</Value>
						<Value for="8">16118</Value>
						<Value for="11">37594</Value>
						<Value for="12">11846</Value>
						<Value for="13">27704</Value>
						<Value for="14">17078</Value>
						<Value for="15">32055</Value>
						<Value for="16">49765</Value>
						<Value for="19">20787</Value>
						<Value for="20">28225</Value>
						<Value for="21">12857</Value>
						<Value for="22">9527</Value>
						<Value for="23">19630</Value>
						<ComparisonValue for="1">342249</ComparisonValue>
					</Associate>
					<Associate name="number" type="numeric"  >
						<Value for="2">126</Value>
						<Value for="4">101</Value>
						<Value for="7">193</Value>
						<Value for="8">135</Value>
						<Value for="11">220</Value>
						<Value for="12">94</Value>
						<Value for="13">165</Value>
						<Value for="14">159</Value>
						<Value for="15">279</Value>
						<Value for="16">409</Value>
						<Value for="19">145</Value>
						<Value for="20">156</Value>
						<Value for="21">104</Value>
						<Value for="22">103</Value>
						<Value for="23">188</Value>
						<ComparisonValue for="1">2577</ComparisonValue>
					</Associate>
				</Indicator>
				<Indicator id="i9" name="Patients" type="numeric" date="All" href="">
					<Value for="2">16.5</Value>
					<Value for="4">17.3</Value>
					<Value for="7">13.8</Value>
					<Value for="8">15.6</Value>
					<Value for="11">13.4</Value>
					<Value for="12">15.6</Value>
					<Value for="13">13.2</Value>
					<Value for="14">17.2</Value>
					<Value for="15">17.4</Value>
					<Value for="16">14.9</Value>
					<Value for="19">13.6</Value>
					<Value for="20">12.9</Value>
					<Value for="21">15.7</Value>
					<Value for="22">20.8</Value>
					<Value for="23">17.8</Value>
					<ComparisonValue for="1">15.2</ComparisonValue>
					<Associate name="born" type="numeric"  >
						<Value for="2">17771</Value>
						<Value for="4">13656</Value>
						<Value for="7">31692</Value>
						<Value for="8">17140</Value>
						<Value for="11">40458</Value>
						<Value for="12">12964</Value>
						<Value for="13">30193</Value>
						<Value for="14">18305</Value>
						<Value for="15">34433</Value>
						<Value for="16">53323</Value>
						<Value for="19">22695</Value>
						<Value for="20">30220</Value>
						<Value for="21">13750</Value>
						<Value for="22">10337</Value>
						<Value for="23">21131</Value>
						<ComparisonValue for="1">368068</ComparisonValue>
					</Associate>
					<Associate name="number" type="numeric"  >
						<Value for="2">294</Value>
						<Value for="4">236</Value>
						<Value for="7">437</Value>
						<Value for="8">267</Value>
						<Value for="11">542</Value>
						<Value for="12">202</Value>
						<Value for="13">400</Value>
						<Value for="14">314</Value>
						<Value for="15">599</Value>
						<Value for="16">793</Value>
						<Value for="19">309</Value>
						<Value for="20">389</Value>
						<Value for="21">216</Value>
						<Value for="22">215</Value>
						<Value for="23">377</Value>
						<ComparisonValue for="1">5590</ComparisonValue>
					</Associate>
				</Indicator>
				<Indicator id="i10" name="Treatment days" type="numeric" date="Less than 37.0 weeks" href="">
					<Value for="2">1819.2</Value>
					<Value for="4">1766.4</Value>
					<Value for="7">1651.7</Value>
					<Value for="8">2264.8</Value>
					<Value for="11">1382.2</Value>
					<Value for="12">1176.6</Value>
					<Value for="13">1182.1</Value>
					<Value for="14">1386.3</Value>
					<Value for="15">1929.8</Value>
					<Value for="16">1297.1</Value>
					<Value for="19">1219.4</Value>
					<Value for="20">1490.9</Value>
					<Value for="21">1565.1</Value>
					<Value for="22">1352.2</Value>
					<Value for="23">1658</Value>
					<ComparisonValue for="1">1509.2</ComparisonValue>
					<Associate name="born" type="numeric"  >
						<Value for="2">1012</Value>
						<Value for="4">916</Value>
						<Value for="7">1955</Value>
						<Value for="8">978</Value>
						<Value for="11">2530</Value>
						<Value for="12">957</Value>
						<Value for="13">2081</Value>
						<Value for="14">1165</Value>
						<Value for="15">2266</Value>
						<Value for="16">3262</Value>
						<Value for="19">1618</Value>
						<Value for="20">1876</Value>
						<Value for="21">883</Value>
						<Value for="22">741</Value>
						<Value for="23">1377</Value>
						<ComparisonValue for="1">23617</ComparisonValue>
					</Associate>
					<Associate name="number" type="numeric"  >
						<Value for="2">1841</Value>
						<Value for="4">1618</Value>
						<Value for="7">3229</Value>
						<Value for="8">2215</Value>
						<Value for="11">3497</Value>
						<Value for="12">1126</Value>
						<Value for="13">2460</Value>
						<Value for="14">1615</Value>
						<Value for="15">4373</Value>
						<Value for="16">4231</Value>
						<Value for="19">1973</Value>
						<Value for="20">2797</Value>
						<Value for="21">1382</Value>
						<Value for="22">1002</Value>
						<Value for="23">2283</Value>
						<ComparisonValue for="1">35642</ComparisonValue>
					</Associate>
				</Indicator>
				<Indicator id="i10" name="Treatment days" type="numeric" date="More than 36.6 weeks (term infants)" href="">
					<Value for="2">47.9</Value>
					<Value for="4">52.9</Value>
					<Value for="7">41</Value>
					<Value for="8">56.3</Value>
					<Value for="11">35.9</Value>
					<Value for="12">52.1</Value>
					<Value for="13">40.1</Value>
					<Value for="14">57.7</Value>
					<Value for="15">51.8</Value>
					<Value for="16">45.7</Value>
					<Value for="19">45.6</Value>
					<Value for="20">33.4</Value>
					<Value for="21">34.2</Value>
					<Value for="22">75.6</Value>
					<Value for="23">50.4</Value>
					<ComparisonValue for="1">45.7</ComparisonValue>
					<Associate name="born" type="numeric"  >
						<Value for="2">16700</Value>
						<Value for="4">12705</Value>
						<Value for="7">29658</Value>
						<Value for="8">16118</Value>
						<Value for="11">37594</Value>
						<Value for="12">11846</Value>
						<Value for="13">27704</Value>
						<Value for="14">17078</Value>
						<Value for="15">32055</Value>
						<Value for="16">49765</Value>
						<Value for="19">20787</Value>
						<Value for="20">28225</Value>
						<Value for="21">12857</Value>
						<Value for="22">9527</Value>
						<Value for="23">19630</Value>
						<ComparisonValue for="1">342249</ComparisonValue>
					</Associate>
					<Associate name="number" type="numeric"  >
						<Value for="2">800</Value>
						<Value for="4">672</Value>
						<Value for="7">1215</Value>
						<Value for="8">908</Value>
						<Value for="11">1351</Value>
						<Value for="12">617</Value>
						<Value for="13">1110</Value>
						<Value for="14">985</Value>
						<Value for="15">1661</Value>
						<Value for="16">2274</Value>
						<Value for="19">948</Value>
						<Value for="20">944</Value>
						<Value for="21">440</Value>
						<Value for="22">720</Value>
						<Value for="23">989</Value>
						<ComparisonValue for="1">15634</ComparisonValue>
					</Associate>
				</Indicator>
				<Indicator id="i10" name="Treatment days" type="numeric" date="All" href="">
					<Value for="2">148.6</Value>
					<Value for="4">167.7</Value>
					<Value for="7">140.2</Value>
					<Value for="8">182.2</Value>
					<Value for="11">119.8</Value>
					<Value for="12">134.4</Value>
					<Value for="13">118.2</Value>
					<Value for="14">142</Value>
					<Value for="15">175.2</Value>
					<Value for="16">122</Value>
					<Value for="19">128.7</Value>
					<Value for="20">123.8</Value>
					<Value for="21">132.5</Value>
					<Value for="22">166.6</Value>
					<Value for="23">154.8</Value>
					<ComparisonValue for="1">139.3</ComparisonValue>
					<Associate name="born" type="numeric"  >
						<Value for="2">17771</Value>
						<Value for="4">13656</Value>
						<Value for="7">31692</Value>
						<Value for="8">17140</Value>
						<Value for="11">40458</Value>
						<Value for="12">12964</Value>
						<Value for="13">30193</Value>
						<Value for="14">18305</Value>
						<Value for="15">34433</Value>
						<Value for="16">53323</Value>
						<Value for="19">22695</Value>
						<Value for="20">30220</Value>
						<Value for="21">13750</Value>
						<Value for="22">10337</Value>
						<Value for="23">21131</Value>
						<ComparisonValue for="1">368068</ComparisonValue>
					</Associate>
					<Associate name="number" type="numeric"  >
						<Value for="2">2641</Value>
						<Value for="4">2290</Value>
						<Value for="7">4444</Value>
						<Value for="8">3123</Value>
						<Value for="11">4848</Value>
						<Value for="12">1743</Value>
						<Value for="13">3570</Value>
						<Value for="14">2600</Value>
						<Value for="15">6034</Value>
						<Value for="16">6505</Value>
						<Value for="19">2921</Value>
						<Value for="20">3741</Value>
						<Value for="21">1822</Value>
						<Value for="22">1722</Value>
						<Value for="23">3272</Value>
						<ComparisonValue for="1">51276</ComparisonValue>
					</Associate>
				</Indicator>
			</Theme>
		</ThemeList>
	</Geography>
</AtlasData>
